state,state_abbr,year,quarter,date,unemployment_rate
Arkansas,AR,2010,1,2010-03-31,7.9
Arkansas,AR,2010,2,2010-06-30,7.7333
Arkansas,AR,2010,3,2010-09-30,7.7333
Arkansas,AR,2010,4,2010-12-31,7.9667
Arkansas,AR,2011,1,2011-03-31,8.0
Arkansas,AR,2011,2,2011-06-30,7.9667
Arkansas,AR,2011,3,2011-09-30,7.9333
Arkansas,AR,2011,4,2011-12-31,7.6333
Arkansas,AR,2012,1,2012-03-31,7.3333
Arkansas,AR,2012,2,2012-06-30,7.3
Arkansas,AR,2012,3,2012-09-30,7.2
Arkansas,AR,2012,4,2012-12-31,7.2
Arkansas,AR,2013,1,2013-03-31,7.2
Arkansas,AR,2013,2,2013-06-30,7.1667
Arkansas,AR,2013,3,2013-09-30,7.0667
Arkansas,AR,2013,4,2013-12-31,6.7333
Arkansas,AR,2014,1,2014-03-31,6.2667
Arkansas,AR,2014,2,2014-06-30,5.9667
Arkansas,AR,2014,3,2014-09-30,5.7333
Arkansas,AR,2014,4,2014-12-31,5.5333
Arkansas,AR,2015,1,2015-03-31,5.4333
Arkansas,AR,2015,2,2015-06-30,5.2
Arkansas,AR,2015,3,2015-09-30,4.7667
Arkansas,AR,2015,4,2015-12-31,4.4
Arkansas,AR,2016,1,2016-03-31,4.1
Arkansas,AR,2016,2,2016-06-30,4.0
Arkansas,AR,2016,3,2016-09-30,3.9333
Arkansas,AR,2016,4,2016-12-31,3.8667
Arkansas,AR,2017,1,2017-03-31,3.7333
Arkansas,AR,2017,2,2017-06-30,3.7
Arkansas,AR,2017,3,2017-09-30,3.7333
Arkansas,AR,2017,4,2017-12-31,3.8
Arkansas,AR,2018,1,2018-03-31,3.7667
Arkansas,AR,2018,2,2018-06-30,3.6333
Arkansas,AR,2018,3,2018-09-30,3.5333
Arkansas,AR,2018,4,2018-12-31,3.6667
Arkansas,AR,2019,1,2019-03-31,3.6
Arkansas,AR,2019,2,2019-06-30,3.4
Arkansas,AR,2019,3,2019-09-30,3.4667
Arkansas,AR,2019,4,2019-12-31,3.5
Arkansas,AR,2020,1,2020-03-31,3.9667
Arkansas,AR,2020,2,2020-06-30,8.9667
Arkansas,AR,2020,3,2020-09-30,6.5333
Arkansas,AR,2020,4,2020-12-31,5.1667
Arkansas,AR,2021,1,2021-03-31,4.8
Arkansas,AR,2021,2,2021-06-30,4.4
Arkansas,AR,2021,3,2021-09-30,3.7333
Arkansas,AR,2021,4,2021-12-31,3.2333
Arkansas,AR,2022,1,2022-03-31,3.2
Arkansas,AR,2022,2,2022-06-30,3.2
Arkansas,AR,2022,3,2022-09-30,3.2
Arkansas,AR,2022,4,2022-12-31,3.1
Arkansas,AR,2023,1,2023-03-31,2.9
Arkansas,AR,2023,2,2023-06-30,2.9667
Arkansas,AR,2023,3,2023-09-30,3.3
Arkansas,AR,2023,4,2023-12-31,3.4667
Arkansas,AR,2024,1,2024-03-31,3.4
Arkansas,AR,2024,2,2024-06-30,3.4
Arkansas,AR,2024,3,2024-09-30,3.5
Arkansas,AR,2024,4,2024-12-31,3.6667
Arkansas,AR,2025,1,2025-03-31,3.8333
Arkansas,AR,2025,2,2025-06-30,3.9667
Arkansas,AR,2025,3,2025-09-30,4.1667
Arkansas,AR,2025,4,2025-12-31,4.2833
Arizona,AZ,2010,1,2010-03-31,10.6333
Arizona,AZ,2010,2,2010-06-30,10.5
Arizona,AZ,2010,3,2010-09-30,10.2333
Arizona,AZ,2010,4,2010-12-31,10.0667
Arizona,AZ,2011,1,2011-03-31,9.8
Arizona,AZ,2011,2,2011-06-30,9.6333
Arizona,AZ,2011,3,2011-09-30,9.5
Arizona,AZ,2011,4,2011-12-31,9.0667
Arizona,AZ,2012,1,2012-03-31,8.7
Arizona,AZ,2012,2,2012-06-30,8.4667
Arizona,AZ,2012,3,2012-09-30,8.3
Arizona,AZ,2012,4,2012-12-31,8.1
Arizona,AZ,2013,1,2013-03-31,8.1
Arizona,AZ,2013,2,2013-06-30,7.9667
Arizona,AZ,2013,3,2013-09-30,7.8
Arizona,AZ,2013,4,2013-12-31,7.5
Arizona,AZ,2014,1,2014-03-31,7.1
Arizona,AZ,2014,2,2014-06-30,6.9
Arizona,AZ,2014,3,2014-09-30,6.7333
Arizona,AZ,2014,4,2014-12-31,6.5333
Arizona,AZ,2015,1,2015-03-31,6.3333
Arizona,AZ,2015,2,2015-06-30,6.1667
Arizona,AZ,2015,3,2015-09-30,6.0667
Arizona,AZ,2015,4,2015-12-31,5.8667
Arizona,AZ,2016,1,2016-03-31,5.6667
Arizona,AZ,2016,2,2016-06-30,5.5667
Arizona,AZ,2016,3,2016-09-30,5.4333
Arizona,AZ,2016,4,2016-12-31,5.3333
Arizona,AZ,2017,1,2017-03-31,5.1667
Arizona,AZ,2017,2,2017-06-30,4.9667
Arizona,AZ,2017,3,2017-09-30,4.8333
Arizona,AZ,2017,4,2017-12-31,4.8667
Arizona,AZ,2018,1,2018-03-31,4.8333
Arizona,AZ,2018,2,2018-06-30,4.7
Arizona,AZ,2018,3,2018-09-30,4.7333
Arizona,AZ,2018,4,2018-12-31,4.9667
Arizona,AZ,2019,1,2019-03-31,4.9667
Arizona,AZ,2019,2,2019-06-30,4.8333
Arizona,AZ,2019,3,2019-09-30,4.7667
Arizona,AZ,2019,4,2019-12-31,4.7
Arizona,AZ,2020,1,2020-03-31,4.8333
Arizona,AZ,2020,2,2020-06-30,11.6
Arizona,AZ,2020,3,2020-09-30,8.1333
Arizona,AZ,2020,4,2020-12-31,6.7333
Arizona,AZ,2021,1,2021-03-31,6.1667
Arizona,AZ,2021,2,2021-06-30,5.5667
Arizona,AZ,2021,3,2021-09-30,4.5667
Arizona,AZ,2021,4,2021-12-31,3.8333
Arizona,AZ,2022,1,2022-03-31,3.6333
Arizona,AZ,2022,2,2022-06-30,3.7
Arizona,AZ,2022,3,2022-09-30,3.8
Arizona,AZ,2022,4,2022-12-31,3.7667
Arizona,AZ,2023,1,2023-03-31,3.6667
Arizona,AZ,2023,2,2023-06-30,3.7
Arizona,AZ,2023,3,2023-09-30,3.7333
Arizona,AZ,2023,4,2023-12-31,3.6667
Arizona,AZ,2024,1,2024-03-31,3.4333
Arizona,AZ,2024,2,2024-06-30,3.5333
Arizona,AZ,2024,3,2024-09-30,3.8
Arizona,AZ,2024,4,2024-12-31,4.0333
Arizona,AZ,2025,1,2025-03-31,4.2
Arizona,AZ,2025,2,2025-06-30,4.2667
Arizona,AZ,2025,3,2025-09-30,4.3667
Arizona,AZ,2025,4,2025-12-31,4.4
California,CA,2010,1,2010-03-31,12.4
California,CA,2010,2,2010-06-30,12.3333
California,CA,2010,3,2010-09-30,12.2667
California,CA,2010,4,2010-12-31,12.2667
California,CA,2011,1,2011-03-31,12.0
California,CA,2011,2,2011-06-30,11.9
California,CA,2011,3,2011-09-30,11.7333
California,CA,2011,4,2011-12-31,11.3
California,CA,2012,1,2012-03-31,10.9
California,CA,2012,2,2012-06-30,10.6333
California,CA,2012,3,2012-09-30,10.2333
California,CA,2012,4,2012-12-31,9.8
California,CA,2013,1,2013-03-31,9.5
California,CA,2013,2,2013-06-30,9.2
California,CA,2013,3,2013-09-30,8.9
California,CA,2013,4,2013-12-31,8.5
California,CA,2014,1,2014-03-31,8.1
California,CA,2014,2,2014-06-30,7.7
California,CA,2014,3,2014-09-30,7.4
California,CA,2014,4,2014-12-31,7.0667
California,CA,2015,1,2015-03-31,6.7
California,CA,2015,2,2015-06-30,6.4
California,CA,2015,3,2015-09-30,6.0
California,CA,2015,4,2015-12-31,5.7667
California,CA,2016,1,2016-03-31,5.6333
California,CA,2016,2,2016-06-30,5.5
California,CA,2016,3,2016-09-30,5.5
California,CA,2016,4,2016-12-31,5.4333
California,CA,2017,1,2017-03-31,5.1333
California,CA,2017,2,2017-06-30,4.9
California,CA,2017,3,2017-09-30,4.7667
California,CA,2017,4,2017-12-31,4.5333
California,CA,2018,1,2018-03-31,4.3333
California,CA,2018,2,2018-06-30,4.2
California,CA,2018,3,2018-09-30,4.2
California,CA,2018,4,2018-12-31,4.3
California,CA,2019,1,2019-03-31,4.2667
California,CA,2019,2,2019-06-30,4.0333
California,CA,2019,3,2019-09-30,4.0
California,CA,2019,4,2019-12-31,4.0667
California,CA,2020,1,2020-03-31,4.7333
California,CA,2020,2,2020-06-30,15.2333
California,CA,2020,3,2020-09-30,11.6
California,CA,2020,4,2020-12-31,9.1
California,CA,2021,1,2021-03-31,8.6
California,CA,2021,2,2021-06-30,8.1
California,CA,2021,3,2021-09-30,6.9667
California,CA,2021,4,2021-12-31,5.7333
California,CA,2022,1,2022-03-31,4.8333
California,CA,2022,2,2022-06-30,4.1333
California,CA,2022,3,2022-09-30,3.9
California,CA,2022,4,2022-12-31,4.2667
California,CA,2023,1,2023-03-31,4.4667
California,CA,2023,2,2023-06-30,4.5667
California,CA,2023,3,2023-09-30,4.8
California,CA,2023,4,2023-12-31,5.0333
California,CA,2024,1,2024-03-31,5.1333
California,CA,2024,2,2024-06-30,5.2333
California,CA,2024,3,2024-09-30,5.4
California,CA,2024,4,2024-12-31,5.4
California,CA,2025,1,2025-03-31,5.4
California,CA,2025,2,2025-06-30,5.4667
California,CA,2025,3,2025-09-30,5.5
California,CA,2025,4,2025-12-31,5.5
Colorado,CO,2010,1,2010-03-31,8.9667
Colorado,CO,2010,2,2010-06-30,9.0333
Colorado,CO,2010,3,2010-09-30,9.2
Colorado,CO,2010,4,2010-12-31,9.3667
Colorado,CO,2011,1,2011-03-31,8.9333
Colorado,CO,2011,2,2011-06-30,8.6333
Colorado,CO,2011,3,2011-09-30,8.6667
Colorado,CO,2011,4,2011-12-31,8.5333
Colorado,CO,2012,1,2012-03-31,8.3333
Colorado,CO,2012,2,2012-06-30,8.2
Colorado,CO,2012,3,2012-09-30,7.9333
Colorado,CO,2012,4,2012-12-31,7.5
Colorado,CO,2013,1,2013-03-31,7.1333
Colorado,CO,2013,2,2013-06-30,6.8667
Colorado,CO,2013,3,2013-09-30,6.6667
Colorado,CO,2013,4,2013-12-31,6.2333
Colorado,CO,2014,1,2014-03-31,5.7667
Colorado,CO,2014,2,2014-06-30,5.2
Colorado,CO,2014,3,2014-09-30,4.6
Colorado,CO,2014,4,2014-12-31,4.2333
Colorado,CO,2015,1,2015-03-31,4.0667
Colorado,CO,2015,2,2015-06-30,3.9
Colorado,CO,2015,3,2015-09-30,3.5
Colorado,CO,2015,4,2015-12-31,3.3333
Colorado,CO,2016,1,2016-03-31,3.3
Colorado,CO,2016,2,2016-06-30,3.2667
Colorado,CO,2016,3,2016-09-30,3.1
Colorado,CO,2016,4,2016-12-31,2.8
Colorado,CO,2017,1,2017-03-31,2.5
Colorado,CO,2017,2,2017-06-30,2.4333
Colorado,CO,2017,3,2017-09-30,2.7
Colorado,CO,2017,4,2017-12-31,2.8333
Colorado,CO,2018,1,2018-03-31,2.9
Colorado,CO,2018,2,2018-06-30,3.0333
Colorado,CO,2018,3,2018-09-30,3.1
Colorado,CO,2018,4,2018-12-31,3.0667
Colorado,CO,2019,1,2019-03-31,2.9
Colorado,CO,2019,2,2019-06-30,2.5667
Colorado,CO,2019,3,2019-09-30,2.5
Colorado,CO,2019,4,2019-12-31,2.7
Colorado,CO,2020,1,2020-03-31,3.2
Colorado,CO,2020,2,2020-06-30,11.3667
Colorado,CO,2020,3,2020-09-30,6.3333
Colorado,CO,2020,4,2020-12-31,6.2667
Colorado,CO,2021,1,2021-03-31,6.2667
Colorado,CO,2021,2,2021-06-30,6.0333
Colorado,CO,2021,3,2021-09-30,5.3333
Colorado,CO,2021,4,2021-12-31,4.4
Colorado,CO,2022,1,2022-03-31,3.6333
Colorado,CO,2022,2,2022-06-30,3.0
Colorado,CO,2022,3,2022-09-30,2.7
Colorado,CO,2022,4,2022-12-31,2.9333
Colorado,CO,2023,1,2023-03-31,3.0333
Colorado,CO,2023,2,2023-06-30,3.1667
Colorado,CO,2023,3,2023-09-30,3.3333
Colorado,CO,2023,4,2023-12-31,3.6
Colorado,CO,2024,1,2024-03-31,3.8667
Colorado,CO,2024,2,2024-06-30,4.0667
Colorado,CO,2024,3,2024-09-30,4.2667
Colorado,CO,2024,4,2024-12-31,4.3
Colorado,CO,2025,1,2025-03-31,4.2667
Colorado,CO,2025,2,2025-06-30,4.1
Colorado,CO,2025,3,2025-09-30,3.8667
Colorado,CO,2025,4,2025-12-31,3.8
Connecticut,CT,2010,1,2010-03-31,9.4667
Connecticut,CT,2010,2,2010-06-30,9.5
Connecticut,CT,2010,3,2010-09-30,9.4667
Connecticut,CT,2010,4,2010-12-31,9.5333
Connecticut,CT,2011,1,2011-03-31,9.4
Connecticut,CT,2011,2,2011-06-30,9.1667
Connecticut,CT,2011,3,2011-09-30,8.9
Connecticut,CT,2011,4,2011-12-31,8.5667
Connecticut,CT,2012,1,2012-03-31,8.3
Connecticut,CT,2012,2,2012-06-30,8.4333
Connecticut,CT,2012,3,2012-09-30,8.4667
Connecticut,CT,2012,4,2012-12-31,8.3333
Connecticut,CT,2013,1,2013-03-31,8.2667
Connecticut,CT,2013,2,2013-06-30,8.1333
Connecticut,CT,2013,3,2013-09-30,7.9
Connecticut,CT,2013,4,2013-12-31,7.5
Connecticut,CT,2014,1,2014-03-31,7.0667
Connecticut,CT,2014,2,2014-06-30,6.7
Connecticut,CT,2014,3,2014-09-30,6.5
Connecticut,CT,2014,4,2014-12-31,6.2
Connecticut,CT,2015,1,2015-03-31,5.9
Connecticut,CT,2015,2,2015-06-30,5.6667
Connecticut,CT,2015,3,2015-09-30,5.5
Connecticut,CT,2015,4,2015-12-31,5.3667
Connecticut,CT,2016,1,2016-03-31,5.2
Connecticut,CT,2016,2,2016-06-30,4.9667
Connecticut,CT,2016,3,2016-09-30,4.7333
Connecticut,CT,2016,4,2016-12-31,4.6
Connecticut,CT,2017,1,2017-03-31,4.5333
Connecticut,CT,2017,2,2017-06-30,4.4333
Connecticut,CT,2017,3,2017-09-30,4.3667
Connecticut,CT,2017,4,2017-12-31,4.3
Connecticut,CT,2018,1,2018-03-31,4.1667
Connecticut,CT,2018,2,2018-06-30,3.9333
Connecticut,CT,2018,3,2018-09-30,3.8
Connecticut,CT,2018,4,2018-12-31,3.7
Connecticut,CT,2019,1,2019-03-31,3.6
Connecticut,CT,2019,2,2019-06-30,3.5
Connecticut,CT,2019,3,2019-09-30,3.5667
Connecticut,CT,2019,4,2019-12-31,3.6667
Connecticut,CT,2020,1,2020-03-31,3.8333
Connecticut,CT,2020,2,2020-06-30,10.5667
Connecticut,CT,2020,3,2020-09-30,10.0333
Connecticut,CT,2020,4,2020-12-31,7.6
Connecticut,CT,2021,1,2021-03-31,7.1667
Connecticut,CT,2021,2,2021-06-30,7.0333
Connecticut,CT,2021,3,2021-09-30,6.2667
Connecticut,CT,2021,4,2021-12-31,5.3
Connecticut,CT,2022,1,2022-03-31,4.5333
Connecticut,CT,2022,2,2022-06-30,4.1
Connecticut,CT,2022,3,2022-09-30,3.7667
Connecticut,CT,2022,4,2022-12-31,3.6
Connecticut,CT,2023,1,2023-03-31,3.3
Connecticut,CT,2023,2,2023-06-30,3.1
Connecticut,CT,2023,3,2023-09-30,3.1333
Connecticut,CT,2023,4,2023-12-31,3.2667
Connecticut,CT,2024,1,2024-03-31,3.2333
Connecticut,CT,2024,2,2024-06-30,3.2
Connecticut,CT,2024,3,2024-09-30,3.3333
Connecticut,CT,2024,4,2024-12-31,3.4667
Connecticut,CT,2025,1,2025-03-31,3.6667
Connecticut,CT,2025,2,2025-06-30,3.8333
Connecticut,CT,2025,3,2025-09-30,4.0667
Connecticut,CT,2025,4,2025-12-31,4.2833
District of Columbia,DC,2010,1,2010-03-31,10.1
District of Columbia,DC,2010,2,2010-06-30,9.7
District of Columbia,DC,2010,3,2010-09-30,9.5667
District of Columbia,DC,2010,4,2010-12-31,9.7333
District of Columbia,DC,2011,1,2011-03-31,9.9
District of Columbia,DC,2011,2,2011-06-30,10.2333
District of Columbia,DC,2011,3,2011-09-30,10.3
District of Columbia,DC,2011,4,2011-12-31,9.9
District of Columbia,DC,2012,1,2012-03-31,9.4333
District of Columbia,DC,2012,2,2012-06-30,9.1
District of Columbia,DC,2012,3,2012-09-30,8.7
District of Columbia,DC,2012,4,2012-12-31,8.6
District of Columbia,DC,2013,1,2013-03-31,8.6
District of Columbia,DC,2013,2,2013-06-30,8.5333
District of Columbia,DC,2013,3,2013-09-30,8.4333
District of Columbia,DC,2013,4,2013-12-31,8.1
District of Columbia,DC,2014,1,2014-03-31,7.9
District of Columbia,DC,2014,2,2014-06-30,7.8
District of Columbia,DC,2014,3,2014-09-30,7.6667
District of Columbia,DC,2014,4,2014-12-31,7.5
District of Columbia,DC,2015,1,2015-03-31,7.2667
District of Columbia,DC,2015,2,2015-06-30,7.0
District of Columbia,DC,2015,3,2015-09-30,6.7333
District of Columbia,DC,2015,4,2015-12-31,6.5333
District of Columbia,DC,2016,1,2016-03-31,6.3
District of Columbia,DC,2016,2,2016-06-30,6.1
District of Columbia,DC,2016,3,2016-09-30,6.2333
District of Columbia,DC,2016,4,2016-12-31,6.3
District of Columbia,DC,2017,1,2017-03-31,6.2333
District of Columbia,DC,2017,2,2017-06-30,6.2
District of Columbia,DC,2017,3,2017-09-30,6.0667
District of Columbia,DC,2017,4,2017-12-31,5.9333
District of Columbia,DC,2018,1,2018-03-31,5.8667
District of Columbia,DC,2018,2,2018-06-30,5.7333
District of Columbia,DC,2018,3,2018-09-30,5.5333
District of Columbia,DC,2018,4,2018-12-31,5.7333
District of Columbia,DC,2019,1,2019-03-31,5.9
District of Columbia,DC,2019,2,2019-06-30,5.6
District of Columbia,DC,2019,3,2019-09-30,5.3
District of Columbia,DC,2019,4,2019-12-31,5.2667
District of Columbia,DC,2020,1,2020-03-31,5.6667
District of Columbia,DC,2020,2,2020-06-30,9.5667
District of Columbia,DC,2020,3,2020-09-30,8.6
District of Columbia,DC,2020,4,2020-12-31,8.0333
District of Columbia,DC,2021,1,2021-03-31,7.1
District of Columbia,DC,2021,2,2021-06-30,7.1
District of Columbia,DC,2021,3,2021-09-30,6.9
District of Columbia,DC,2021,4,2021-12-31,6.3
District of Columbia,DC,2022,1,2022-03-31,5.5333
District of Columbia,DC,2022,2,2022-06-30,4.6333
District of Columbia,DC,2022,3,2022-09-30,4.1333
District of Columbia,DC,2022,4,2022-12-31,4.5
District of Columbia,DC,2023,1,2023-03-31,4.8
District of Columbia,DC,2023,2,2023-06-30,4.7667
District of Columbia,DC,2023,3,2023-09-30,4.8333
District of Columbia,DC,2023,4,2023-12-31,5.0333
District of Columbia,DC,2024,1,2024-03-31,5.1
District of Columbia,DC,2024,2,2024-06-30,5.2333
District of Columbia,DC,2024,3,2024-09-30,5.4
District of Columbia,DC,2024,4,2024-12-31,5.5
District of Columbia,DC,2025,1,2025-03-31,5.8667
District of Columbia,DC,2025,2,2025-06-30,6.1333
District of Columbia,DC,2025,3,2025-09-30,6.4667
District of Columbia,DC,2025,4,2025-12-31,6.6833
Delaware,DE,2010,1,2010-03-31,8.7
Delaware,DE,2010,2,2010-06-30,8.4
Delaware,DE,2010,3,2010-09-30,8.1333
Delaware,DE,2010,4,2010-12-31,7.9667
Delaware,DE,2011,1,2011-03-31,7.6
Delaware,DE,2011,2,2011-06-30,7.4667
Delaware,DE,2011,3,2011-09-30,7.4667
Delaware,DE,2011,4,2011-12-31,7.2
Delaware,DE,2012,1,2012-03-31,6.9333
Delaware,DE,2012,2,2012-06-30,7.0
Delaware,DE,2012,3,2012-09-30,7.0
Delaware,DE,2012,4,2012-12-31,6.9
Delaware,DE,2013,1,2013-03-31,6.8667
Delaware,DE,2013,2,2013-06-30,6.7
Delaware,DE,2013,3,2013-09-30,6.4
Delaware,DE,2013,4,2013-12-31,6.1667
Delaware,DE,2014,1,2014-03-31,5.9667
Delaware,DE,2014,2,2014-06-30,5.8
Delaware,DE,2014,3,2014-09-30,5.5
Delaware,DE,2014,4,2014-12-31,5.2
Delaware,DE,2015,1,2015-03-31,5.0
Delaware,DE,2015,2,2015-06-30,4.8667
Delaware,DE,2015,3,2015-09-30,4.7333
Delaware,DE,2015,4,2015-12-31,4.6333
Delaware,DE,2016,1,2016-03-31,4.5
Delaware,DE,2016,2,2016-06-30,4.5
Delaware,DE,2016,3,2016-09-30,4.5333
Delaware,DE,2016,4,2016-12-31,4.6
Delaware,DE,2017,1,2017-03-31,4.5667
Delaware,DE,2017,2,2017-06-30,4.4667
Delaware,DE,2017,3,2017-09-30,4.3333
Delaware,DE,2017,4,2017-12-31,4.2333
Delaware,DE,2018,1,2018-03-31,4.0
Delaware,DE,2018,2,2018-06-30,3.7333
Delaware,DE,2018,3,2018-09-30,3.5333
Delaware,DE,2018,4,2018-12-31,3.5
Delaware,DE,2019,1,2019-03-31,3.5
Delaware,DE,2019,2,2019-06-30,3.5
Delaware,DE,2019,3,2019-09-30,3.6
Delaware,DE,2019,4,2019-12-31,3.6
Delaware,DE,2020,1,2020-03-31,4.0667
Delaware,DE,2020,2,2020-06-30,13.1
Delaware,DE,2020,3,2020-09-30,7.5333
Delaware,DE,2020,4,2020-12-31,5.4
Delaware,DE,2021,1,2021-03-31,5.9
Delaware,DE,2021,2,2021-06-30,5.9
Delaware,DE,2021,3,2021-09-30,5.3667
Delaware,DE,2021,4,2021-12-31,4.7667
Delaware,DE,2022,1,2022-03-31,4.4
Delaware,DE,2022,2,2022-06-30,4.2
Delaware,DE,2022,3,2022-09-30,4.1
Delaware,DE,2022,4,2022-12-31,4.1333
Delaware,DE,2023,1,2023-03-31,3.9333
Delaware,DE,2023,2,2023-06-30,3.8
Delaware,DE,2023,3,2023-09-30,3.9
Delaware,DE,2023,4,2023-12-31,3.9333
Delaware,DE,2024,1,2024-03-31,3.8333
Delaware,DE,2024,2,2024-06-30,3.9333
Delaware,DE,2024,3,2024-09-30,3.9333
Delaware,DE,2024,4,2024-12-31,3.9667
Delaware,DE,2025,1,2025-03-31,4.2667
Delaware,DE,2025,2,2025-06-30,4.5667
Delaware,DE,2025,3,2025-09-30,5.0
Delaware,DE,2025,4,2025-12-31,5.2833
Florida,FL,2010,1,2010-03-31,11.4
Florida,FL,2010,2,2010-06-30,11.2333
Florida,FL,2010,3,2010-09-30,11.2
Florida,FL,2010,4,2010-12-31,11.1667
Florida,FL,2011,1,2011-03-31,10.7667
Florida,FL,2011,2,2011-06-30,10.4
Florida,FL,2011,3,2011-09-30,10.0333
Florida,FL,2011,4,2011-12-31,9.5333
Florida,FL,2012,1,2012-03-31,9.1
Florida,FL,2012,2,2012-06-30,8.8667
Florida,FL,2012,3,2012-09-30,8.5333
Florida,FL,2012,4,2012-12-31,8.2
Florida,FL,2013,1,2013-03-31,7.9333
Florida,FL,2013,2,2013-06-30,7.6333
Florida,FL,2013,3,2013-09-30,7.4
Florida,FL,2013,4,2013-12-31,7.1
Florida,FL,2014,1,2014-03-31,6.8333
Florida,FL,2014,2,2014-06-30,6.6
Florida,FL,2014,3,2014-09-30,6.3
Florida,FL,2014,4,2014-12-31,6.0333
Florida,FL,2015,1,2015-03-31,5.8333
Florida,FL,2015,2,2015-06-30,5.6
Florida,FL,2015,3,2015-09-30,5.4
Florida,FL,2015,4,2015-12-31,5.1667
Florida,FL,2016,1,2016-03-31,5.0
Florida,FL,2016,2,2016-06-30,4.9
Florida,FL,2016,3,2016-09-30,4.9
Florida,FL,2016,4,2016-12-31,4.8333
Florida,FL,2017,1,2017-03-31,4.6
Florida,FL,2017,2,2017-06-30,4.3
Florida,FL,2017,3,2017-09-30,4.1667
Florida,FL,2017,4,2017-12-31,4.0667
Florida,FL,2018,1,2018-03-31,3.8667
Florida,FL,2018,2,2018-06-30,3.6667
Florida,FL,2018,3,2018-09-30,3.5333
Florida,FL,2018,4,2018-12-31,3.5
Florida,FL,2019,1,2019-03-31,3.4333
Florida,FL,2019,2,2019-06-30,3.2667
Florida,FL,2019,3,2019-09-30,3.2
Florida,FL,2019,4,2019-12-31,3.0667
Florida,FL,2020,1,2020-03-31,3.3333
Florida,FL,2020,2,2020-06-30,13.0
Florida,FL,2020,3,2020-09-30,9.4
Florida,FL,2020,4,2020-12-31,6.5333
Florida,FL,2021,1,2021-03-31,5.5667
Florida,FL,2021,2,2021-06-30,5.0667
Florida,FL,2021,3,2021-09-30,4.4667
Florida,FL,2021,4,2021-12-31,3.8
Florida,FL,2022,1,2022-03-31,3.3333
Florida,FL,2022,2,2022-06-30,3.0
Florida,FL,2022,3,2022-09-30,2.8333
Florida,FL,2022,4,2022-12-31,2.8667
Florida,FL,2023,1,2023-03-31,2.8
Florida,FL,2023,2,2023-06-30,2.8333
Florida,FL,2023,3,2023-09-30,2.9667
Florida,FL,2023,4,2023-12-31,3.1
Florida,FL,2024,1,2024-03-31,3.1667
Florida,FL,2024,2,2024-06-30,3.3333
Florida,FL,2024,3,2024-09-30,3.4333
Florida,FL,2024,4,2024-12-31,3.5
Florida,FL,2025,1,2025-03-31,3.5667
Florida,FL,2025,2,2025-06-30,3.7333
Florida,FL,2025,3,2025-09-30,4.0333
Florida,FL,2025,4,2025-12-31,4.2833
Illinois,IL,2010,1,2010-03-31,11.2
Illinois,IL,2010,2,2010-06-30,10.6333
Illinois,IL,2010,3,2010-09-30,10.0333
Illinois,IL,2010,4,2010-12-31,9.7
Illinois,IL,2011,1,2011-03-31,9.5
Illinois,IL,2011,2,2011-06-30,9.7667
Illinois,IL,2011,3,2011-09-30,10.1
Illinois,IL,2011,4,2011-12-31,9.7
Illinois,IL,2012,1,2012-03-31,9.1333
Illinois,IL,2012,2,2012-06-30,9.0
Illinois,IL,2012,3,2012-09-30,8.9667
Illinois,IL,2012,4,2012-12-31,9.0333
Illinois,IL,2013,1,2013-03-31,9.2667
Illinois,IL,2013,2,2013-06-30,9.2333
Illinois,IL,2013,3,2013-09-30,9.1
Illinois,IL,2013,4,2013-12-31,8.7
Illinois,IL,2014,1,2014-03-31,8.1
Illinois,IL,2014,2,2014-06-30,7.4
Illinois,IL,2014,3,2014-09-30,6.8
Illinois,IL,2014,4,2014-12-31,6.3333
Illinois,IL,2015,1,2015-03-31,6.0667
Illinois,IL,2015,2,2015-06-30,6.0
Illinois,IL,2015,3,2015-09-30,5.9
Illinois,IL,2015,4,2015-12-31,6.0
Illinois,IL,2016,1,2016-03-31,6.2
Illinois,IL,2016,2,2016-06-30,6.0
Illinois,IL,2016,3,2016-09-30,5.7667
Illinois,IL,2016,4,2016-12-31,5.5667
Illinois,IL,2017,1,2017-03-31,5.1333
Illinois,IL,2017,2,2017-06-30,4.9333
Illinois,IL,2017,3,2017-09-30,4.9667
Illinois,IL,2017,4,2017-12-31,4.8
Illinois,IL,2018,1,2018-03-31,4.4333
Illinois,IL,2018,2,2018-06-30,4.3
Illinois,IL,2018,3,2018-09-30,4.3333
Illinois,IL,2018,4,2018-12-31,4.5
Illinois,IL,2019,1,2019-03-31,4.5
Illinois,IL,2019,2,2019-06-30,4.0333
Illinois,IL,2019,3,2019-09-30,3.7333
Illinois,IL,2019,4,2019-12-31,3.6333
Illinois,IL,2020,1,2020-03-31,4.2
Illinois,IL,2020,2,2020-06-30,15.2
Illinois,IL,2020,3,2020-09-30,10.0667
Illinois,IL,2020,4,2020-12-31,7.8667
Illinois,IL,2021,1,2021-03-31,7.0
Illinois,IL,2021,2,2021-06-30,6.5667
Illinois,IL,2021,3,2021-09-30,5.8667
Illinois,IL,2021,4,2021-12-31,4.9667
Illinois,IL,2022,1,2022-03-31,4.6667
Illinois,IL,2022,2,2022-06-30,4.5667
Illinois,IL,2022,3,2022-09-30,4.5
Illinois,IL,2022,4,2022-12-31,4.5333
Illinois,IL,2023,1,2023-03-31,4.3
Illinois,IL,2023,2,2023-06-30,4.2333
Illinois,IL,2023,3,2023-09-30,4.5667
Illinois,IL,2023,4,2023-12-31,4.8
Illinois,IL,2024,1,2024-03-31,4.9333
Illinois,IL,2024,2,2024-06-30,5.1
Illinois,IL,2024,3,2024-09-30,5.0667
Illinois,IL,2024,4,2024-12-31,4.8333
Illinois,IL,2025,1,2025-03-31,4.6667
Illinois,IL,2025,2,2025-06-30,4.4
Illinois,IL,2025,3,2025-09-30,4.3667
Illinois,IL,2025,4,2025-12-31,4.6667
Massachusetts,MA,2010,1,2010-03-31,8.5
Massachusetts,MA,2010,2,2010-06-30,8.2
Massachusetts,MA,2010,3,2010-09-30,7.9333
Massachusetts,MA,2010,4,2010-12-31,7.7667
Massachusetts,MA,2011,1,2011-03-31,7.5333
Massachusetts,MA,2011,2,2011-06-30,7.3333
Massachusetts,MA,2011,3,2011-09-30,7.1667
Massachusetts,MA,2011,4,2011-12-31,6.9
Massachusetts,MA,2012,1,2012-03-31,6.7
Massachusetts,MA,2012,2,2012-06-30,6.7
Massachusetts,MA,2012,3,2012-09-30,6.7
Massachusetts,MA,2012,4,2012-12-31,6.7
Massachusetts,MA,2013,1,2013-03-31,6.7667
Massachusetts,MA,2013,2,2013-06-30,6.8
Massachusetts,MA,2013,3,2013-09-30,6.6667
Massachusetts,MA,2013,4,2013-12-31,6.4
Massachusetts,MA,2014,1,2014-03-31,6.1
Massachusetts,MA,2014,2,2014-06-30,5.8667
Massachusetts,MA,2014,3,2014-09-30,5.6667
Massachusetts,MA,2014,4,2014-12-31,5.4
Massachusetts,MA,2015,1,2015-03-31,5.1
Massachusetts,MA,2015,2,2015-06-30,4.9
Massachusetts,MA,2015,3,2015-09-30,4.6667
Massachusetts,MA,2015,4,2015-12-31,4.5333
Massachusetts,MA,2016,1,2016-03-31,4.3
Massachusetts,MA,2016,2,2016-06-30,4.0667
Massachusetts,MA,2016,3,2016-09-30,3.8667
Massachusetts,MA,2016,4,2016-12-31,3.8333
Massachusetts,MA,2017,1,2017-03-31,3.9
Massachusetts,MA,2017,2,2017-06-30,3.8667
Massachusetts,MA,2017,3,2017-09-30,3.8
Massachusetts,MA,2017,4,2017-12-31,3.7667
Massachusetts,MA,2018,1,2018-03-31,3.6333
Massachusetts,MA,2018,2,2018-06-30,3.5333
Massachusetts,MA,2018,3,2018-09-30,3.3667
Massachusetts,MA,2018,4,2018-12-31,3.3
Massachusetts,MA,2019,1,2019-03-31,3.1667
Massachusetts,MA,2019,2,2019-06-30,3.0333
Massachusetts,MA,2019,3,2019-09-30,3.0
Massachusetts,MA,2019,4,2019-12-31,3.0
Massachusetts,MA,2020,1,2020-03-31,3.0667
Massachusetts,MA,2020,2,2020-06-30,15.6
Massachusetts,MA,2020,3,2020-09-30,10.8333
Massachusetts,MA,2020,4,2020-12-31,7.8667
Massachusetts,MA,2021,1,2021-03-31,6.4333
Massachusetts,MA,2021,2,2021-06-30,5.6667
Massachusetts,MA,2021,3,2021-09-30,5.0
Massachusetts,MA,2021,4,2021-12-31,4.1667
Massachusetts,MA,2022,1,2022-03-31,3.7
Massachusetts,MA,2022,2,2022-06-30,3.6
Massachusetts,MA,2022,3,2022-09-30,3.6333
Massachusetts,MA,2022,4,2022-12-31,3.6333
Massachusetts,MA,2023,1,2023-03-31,3.4667
Massachusetts,MA,2023,2,2023-06-30,3.3333
Massachusetts,MA,2023,3,2023-09-30,3.4333
Massachusetts,MA,2023,4,2023-12-31,3.6333
Massachusetts,MA,2024,1,2024-03-31,3.7667
Massachusetts,MA,2024,2,2024-06-30,3.9667
Massachusetts,MA,2024,3,2024-09-30,4.1
Massachusetts,MA,2024,4,2024-12-31,4.1
Massachusetts,MA,2025,1,2025-03-31,4.2667
Massachusetts,MA,2025,2,2025-06-30,4.4
Massachusetts,MA,2025,3,2025-09-30,4.5333
Massachusetts,MA,2025,4,2025-12-31,4.6833
Maryland,MD,2010,1,2010-03-31,7.9667
Maryland,MD,2010,2,2010-06-30,7.8
Maryland,MD,2010,3,2010-09-30,7.7
Maryland,MD,2010,4,2010-12-31,7.6
Maryland,MD,2011,1,2011-03-31,7.3667
Maryland,MD,2011,2,2011-06-30,7.3333
Maryland,MD,2011,3,2011-09-30,7.3333
Maryland,MD,2011,4,2011-12-31,7.1
Maryland,MD,2012,1,2012-03-31,6.9333
Maryland,MD,2012,2,2012-06-30,6.9
Maryland,MD,2012,3,2012-09-30,6.8333
Maryland,MD,2012,4,2012-12-31,6.8
Maryland,MD,2013,1,2013-03-31,6.8333
Maryland,MD,2013,2,2013-06-30,6.7333
Maryland,MD,2013,3,2013-09-30,6.5
Maryland,MD,2013,4,2013-12-31,6.2
Maryland,MD,2014,1,2014-03-31,5.9333
Maryland,MD,2014,2,2014-06-30,5.8333
Maryland,MD,2014,3,2014-09-30,5.7
Maryland,MD,2014,4,2014-12-31,5.4667
Maryland,MD,2015,1,2015-03-31,5.3333
Maryland,MD,2015,2,2015-06-30,5.1333
Maryland,MD,2015,3,2015-09-30,4.9667
Maryland,MD,2015,4,2015-12-31,4.7
Maryland,MD,2016,1,2016-03-31,4.4
Maryland,MD,2016,2,2016-06-30,4.2
Maryland,MD,2016,3,2016-09-30,4.2
Maryland,MD,2016,4,2016-12-31,4.2
Maryland,MD,2017,1,2017-03-31,4.1333
Maryland,MD,2017,2,2017-06-30,4.0
Maryland,MD,2017,3,2017-09-30,4.0333
Maryland,MD,2017,4,2017-12-31,4.1
Maryland,MD,2018,1,2018-03-31,4.0333
Maryland,MD,2018,2,2018-06-30,3.8333
Maryland,MD,2018,3,2018-09-30,3.7
Maryland,MD,2018,4,2018-12-31,3.6667
Maryland,MD,2019,1,2019-03-31,3.5333
Maryland,MD,2019,2,2019-06-30,3.4
Maryland,MD,2019,3,2019-09-30,3.3667
Maryland,MD,2019,4,2019-12-31,3.2333
Maryland,MD,2020,1,2020-03-31,3.4
Maryland,MD,2020,2,2020-06-30,8.6333
Maryland,MD,2020,3,2020-09-30,7.4
Maryland,MD,2020,4,2020-12-31,6.6333
Maryland,MD,2021,1,2021-03-31,6.2333
Maryland,MD,2021,2,2021-06-30,5.7333
Maryland,MD,2021,3,2021-09-30,4.9667
Maryland,MD,2021,4,2021-12-31,3.8667
Maryland,MD,2022,1,2022-03-31,3.3333
Maryland,MD,2022,2,2022-06-30,3.1
Maryland,MD,2022,3,2022-09-30,2.9333
Maryland,MD,2022,4,2022-12-31,2.6333
Maryland,MD,2023,1,2023-03-31,2.2
Maryland,MD,2023,2,2023-06-30,1.9
Maryland,MD,2023,3,2023-09-30,2.1667
Maryland,MD,2023,4,2023-12-31,2.6
Maryland,MD,2024,1,2024-03-31,2.9
Maryland,MD,2024,2,2024-06-30,3.1
Maryland,MD,2024,3,2024-09-30,3.3
Maryland,MD,2024,4,2024-12-31,3.3667
Maryland,MD,2025,1,2025-03-31,3.6
Maryland,MD,2025,2,2025-06-30,3.9667
Maryland,MD,2025,3,2025-09-30,4.2667
Maryland,MD,2025,4,2025-12-31,4.2667
Maine,ME,2010,1,2010-03-31,8.6333
Maine,ME,2010,2,2010-06-30,8.4
Maine,ME,2010,3,2010-09-30,8.2
Maine,ME,2010,4,2010-12-31,8.1667
Maine,ME,2011,1,2011-03-31,8.0
Maine,ME,2011,2,2011-06-30,7.8667
Maine,ME,2011,3,2011-09-30,7.7333
Maine,ME,2011,4,2011-12-31,7.5
Maine,ME,2012,1,2012-03-31,7.2333
Maine,ME,2012,2,2012-06-30,7.2667
Maine,ME,2012,3,2012-09-30,7.2333
Maine,ME,2012,4,2012-12-31,7.1
Maine,ME,2013,1,2013-03-31,7.0333
Maine,ME,2013,2,2013-06-30,6.8
Maine,ME,2013,3,2013-09-30,6.6
Maine,ME,2013,4,2013-12-31,6.3
Maine,ME,2014,1,2014-03-31,6.0
Maine,ME,2014,2,2014-06-30,5.7
Maine,ME,2014,3,2014-09-30,5.4
Maine,ME,2014,4,2014-12-31,5.2
Maine,ME,2015,1,2015-03-31,4.8
Maine,ME,2015,2,2015-06-30,4.5
Maine,ME,2015,3,2015-09-30,4.2
Maine,ME,2015,4,2015-12-31,4.0667
Maine,ME,2016,1,2016-03-31,3.9667
Maine,ME,2016,2,2016-06-30,3.8333
Maine,ME,2016,3,2016-09-30,3.7333
Maine,ME,2016,4,2016-12-31,3.6333
Maine,ME,2017,1,2017-03-31,3.5
Maine,ME,2017,2,2017-06-30,3.4
Maine,ME,2017,3,2017-09-30,3.4
Maine,ME,2017,4,2017-12-31,3.2
Maine,ME,2018,1,2018-03-31,3.0333
Maine,ME,2018,2,2018-06-30,3.1
Maine,ME,2018,3,2018-09-30,3.3
Maine,ME,2018,4,2018-12-31,3.2667
Maine,ME,2019,1,2019-03-31,3.0
Maine,ME,2019,2,2019-06-30,2.7333
Maine,ME,2019,3,2019-09-30,2.8333
Maine,ME,2019,4,2019-12-31,3.0333
Maine,ME,2020,1,2020-03-31,3.2
Maine,ME,2020,2,2020-06-30,8.4667
Maine,ME,2020,3,2020-09-30,4.8333
Maine,ME,2020,4,2020-12-31,3.9667
Maine,ME,2021,1,2021-03-31,4.7333
Maine,ME,2021,2,2021-06-30,5.0333
Maine,ME,2021,3,2021-09-30,4.6667
Maine,ME,2021,4,2021-12-31,4.0333
Maine,ME,2022,1,2022-03-31,3.3
Maine,ME,2022,2,2022-06-30,2.8
Maine,ME,2022,3,2022-09-30,2.5667
Maine,ME,2022,4,2022-12-31,2.6667
Maine,ME,2023,1,2023-03-31,2.5333
Maine,ME,2023,2,2023-06-30,2.5333
Maine,ME,2023,3,2023-09-30,2.6667
Maine,ME,2023,4,2023-12-31,2.8
Maine,ME,2024,1,2024-03-31,2.8
Maine,ME,2024,2,2024-06-30,2.8667
Maine,ME,2024,3,2024-09-30,3.0667
Maine,ME,2024,4,2024-12-31,3.2333
Maine,ME,2025,1,2025-03-31,3.3
Maine,ME,2025,2,2025-06-30,3.3
Maine,ME,2025,3,2025-09-30,3.3
Maine,ME,2025,4,2025-12-31,3.3
Minnesota,MN,2010,1,2010-03-31,7.6333
Minnesota,MN,2010,2,2010-06-30,7.3333
Minnesota,MN,2010,3,2010-09-30,7.2667
Minnesota,MN,2010,4,2010-12-31,7.2333
Minnesota,MN,2011,1,2011-03-31,6.9
Minnesota,MN,2011,2,2011-06-30,6.7667
Minnesota,MN,2011,3,2011-09-30,6.5667
Minnesota,MN,2011,4,2011-12-31,6.0667
Minnesota,MN,2012,1,2012-03-31,5.7667
Minnesota,MN,2012,2,2012-06-30,5.7
Minnesota,MN,2012,3,2012-09-30,5.6667
Minnesota,MN,2012,4,2012-12-31,5.5
Minnesota,MN,2013,1,2013-03-31,5.3
Minnesota,MN,2013,2,2013-06-30,5.1333
Minnesota,MN,2013,3,2013-09-30,4.9667
Minnesota,MN,2013,4,2013-12-31,4.7667
Minnesota,MN,2014,1,2014-03-31,4.6333
Minnesota,MN,2014,2,2014-06-30,4.3667
Minnesota,MN,2014,3,2014-09-30,4.0667
Minnesota,MN,2014,4,2014-12-31,3.9
Minnesota,MN,2015,1,2015-03-31,3.8
Minnesota,MN,2015,2,2015-06-30,3.8
Minnesota,MN,2015,3,2015-09-30,3.7333
Minnesota,MN,2015,4,2015-12-31,3.7
Minnesota,MN,2016,1,2016-03-31,3.7333
Minnesota,MN,2016,2,2016-06-30,3.8333
Minnesota,MN,2016,3,2016-09-30,3.9333
Minnesota,MN,2016,4,2016-12-31,3.9667
Minnesota,MN,2017,1,2017-03-31,3.7
Minnesota,MN,2017,2,2017-06-30,3.4667
Minnesota,MN,2017,3,2017-09-30,3.3667
Minnesota,MN,2017,4,2017-12-31,3.2333
Minnesota,MN,2018,1,2018-03-31,3.0667
Minnesota,MN,2018,2,2018-06-30,2.9333
Minnesota,MN,2018,3,2018-09-30,2.9333
Minnesota,MN,2018,4,2018-12-31,3.1667
Minnesota,MN,2019,1,2019-03-31,3.3
Minnesota,MN,2019,2,2019-06-30,3.2
Minnesota,MN,2019,3,2019-09-30,3.2667
Minnesota,MN,2019,4,2019-12-31,3.3333
Minnesota,MN,2020,1,2020-03-31,3.5
Minnesota,MN,2020,2,2020-06-30,9.6333
Minnesota,MN,2020,3,2020-09-30,6.9
Minnesota,MN,2020,4,2020-12-31,5.1333
Minnesota,MN,2021,1,2021-03-31,4.4
Minnesota,MN,2021,2,2021-06-30,3.9333
Minnesota,MN,2021,3,2021-09-30,3.4667
Minnesota,MN,2021,4,2021-12-31,2.9333
Minnesota,MN,2022,1,2022-03-31,2.4333
Minnesota,MN,2022,2,2022-06-30,2.2
Minnesota,MN,2022,3,2022-09-30,2.4
Minnesota,MN,2022,4,2022-12-31,2.6333
Minnesota,MN,2023,1,2023-03-31,2.7667
Minnesota,MN,2023,2,2023-06-30,2.8
Minnesota,MN,2023,3,2023-09-30,2.8
Minnesota,MN,2023,4,2023-12-31,2.8
Minnesota,MN,2024,1,2024-03-31,2.9
Minnesota,MN,2024,2,2024-06-30,3.1
Minnesota,MN,2024,3,2024-09-30,3.2667
Minnesota,MN,2024,4,2024-12-31,3.2667
Minnesota,MN,2025,1,2025-03-31,3.5
Minnesota,MN,2025,2,2025-06-30,3.7
Minnesota,MN,2025,3,2025-09-30,3.9333
Minnesota,MN,2025,4,2025-12-31,4.1833
New Hampshire,NH,2010,1,2010-03-31,6.5
New Hampshire,NH,2010,2,2010-06-30,6.1333
New Hampshire,NH,2010,3,2010-09-30,5.8333
New Hampshire,NH,2010,4,2010-12-31,5.7667
New Hampshire,NH,2011,1,2011-03-31,5.5333
New Hampshire,NH,2011,2,2011-06-30,5.5333
New Hampshire,NH,2011,3,2011-09-30,5.5667
New Hampshire,NH,2011,4,2011-12-31,5.3333
New Hampshire,NH,2012,1,2012-03-31,5.2333
New Hampshire,NH,2012,2,2012-06-30,5.4667
New Hampshire,NH,2012,3,2012-09-30,5.6
New Hampshire,NH,2012,4,2012-12-31,5.6
New Hampshire,NH,2013,1,2013-03-31,5.5333
New Hampshire,NH,2013,2,2013-06-30,5.3
New Hampshire,NH,2013,3,2013-09-30,5.1667
New Hampshire,NH,2013,4,2013-12-31,5.0
New Hampshire,NH,2014,1,2014-03-31,4.6667
New Hampshire,NH,2014,2,2014-06-30,4.4
New Hampshire,NH,2014,3,2014-09-30,4.2
New Hampshire,NH,2014,4,2014-12-31,4.0
New Hampshire,NH,2015,1,2015-03-31,3.7667
New Hampshire,NH,2015,2,2015-06-30,3.5
New Hampshire,NH,2015,3,2015-09-30,3.2667
New Hampshire,NH,2015,4,2015-12-31,3.0333
New Hampshire,NH,2016,1,2016-03-31,2.8667
New Hampshire,NH,2016,2,2016-06-30,2.9
New Hampshire,NH,2016,3,2016-09-30,2.9
New Hampshire,NH,2016,4,2016-12-31,2.9
New Hampshire,NH,2017,1,2017-03-31,2.9
New Hampshire,NH,2017,2,2017-06-30,2.7667
New Hampshire,NH,2017,3,2017-09-30,2.7667
New Hampshire,NH,2017,4,2017-12-31,2.8
New Hampshire,NH,2018,1,2018-03-31,2.7333
New Hampshire,NH,2018,2,2018-06-30,2.6667
New Hampshire,NH,2018,3,2018-09-30,2.5667
New Hampshire,NH,2018,4,2018-12-31,2.5667
New Hampshire,NH,2019,1,2019-03-31,2.6
New Hampshire,NH,2019,2,2019-06-30,2.5333
New Hampshire,NH,2019,3,2019-09-30,2.5333
New Hampshire,NH,2019,4,2019-12-31,2.5333
New Hampshire,NH,2020,1,2020-03-31,2.5667
New Hampshire,NH,2020,2,2020-06-30,12.4667
New Hampshire,NH,2020,3,2020-09-30,7.0333
New Hampshire,NH,2020,4,2020-12-31,4.9333
New Hampshire,NH,2021,1,2021-03-31,4.1333
New Hampshire,NH,2021,2,2021-06-30,3.8
New Hampshire,NH,2021,3,2021-09-30,3.2667
New Hampshire,NH,2021,4,2021-12-31,2.6333
New Hampshire,NH,2022,1,2022-03-31,2.3333
New Hampshire,NH,2022,2,2022-06-30,2.3333
New Hampshire,NH,2022,3,2022-09-30,2.5
New Hampshire,NH,2022,4,2022-12-31,2.5333
New Hampshire,NH,2023,1,2023-03-31,2.3
New Hampshire,NH,2023,2,2023-06-30,2.2
New Hampshire,NH,2023,3,2023-09-30,2.2667
New Hampshire,NH,2023,4,2023-12-31,2.3
New Hampshire,NH,2024,1,2024-03-31,2.3333
New Hampshire,NH,2024,2,2024-06-30,2.4667
New Hampshire,NH,2024,3,2024-09-30,2.6333
New Hampshire,NH,2024,4,2024-12-31,2.9
New Hampshire,NH,2025,1,2025-03-31,3.1
New Hampshire,NH,2025,2,2025-06-30,3.1667
New Hampshire,NH,2025,3,2025-09-30,3.1333
New Hampshire,NH,2025,4,2025-12-31,3.2
New Jersey,NJ,2010,1,2010-03-31,9.9667
New Jersey,NJ,2010,2,2010-06-30,9.7
New Jersey,NJ,2010,3,2010-09-30,9.5
New Jersey,NJ,2010,4,2010-12-31,9.5
New Jersey,NJ,2011,1,2011-03-31,9.5
New Jersey,NJ,2011,2,2011-06-30,9.4
New Jersey,NJ,2011,3,2011-09-30,9.4
New Jersey,NJ,2011,4,2011-12-31,9.3
New Jersey,NJ,2012,1,2012-03-31,9.3333
New Jersey,NJ,2012,2,2012-06-30,9.5667
New Jersey,NJ,2012,3,2012-09-30,9.5333
New Jersey,NJ,2012,4,2012-12-31,9.3667
New Jersey,NJ,2013,1,2013-03-31,9.1
New Jersey,NJ,2013,2,2013-06-30,8.7333
New Jersey,NJ,2013,3,2013-09-30,8.2333
New Jersey,NJ,2013,4,2013-12-31,7.6
New Jersey,NJ,2014,1,2014-03-31,7.0333
New Jersey,NJ,2014,2,2014-06-30,6.7
New Jersey,NJ,2014,3,2014-09-30,6.5333
New Jersey,NJ,2014,4,2014-12-31,6.4667
New Jersey,NJ,2015,1,2015-03-31,6.2667
New Jersey,NJ,2015,2,2015-06-30,5.9667
New Jersey,NJ,2015,3,2015-09-30,5.5
New Jersey,NJ,2015,4,2015-12-31,5.0333
New Jersey,NJ,2016,1,2016-03-31,4.9667
New Jersey,NJ,2016,2,2016-06-30,5.0
New Jersey,NJ,2016,3,2016-09-30,4.9667
New Jersey,NJ,2016,4,2016-12-31,4.8
New Jersey,NJ,2017,1,2017-03-31,4.5
New Jersey,NJ,2017,2,2017-06-30,4.4333
New Jersey,NJ,2017,3,2017-09-30,4.5667
New Jersey,NJ,2017,4,2017-12-31,4.5667
New Jersey,NJ,2018,1,2018-03-31,4.3667
New Jersey,NJ,2018,2,2018-06-30,4.1333
New Jersey,NJ,2018,3,2018-09-30,3.9
New Jersey,NJ,2018,4,2018-12-31,3.6667
New Jersey,NJ,2019,1,2019-03-31,3.4
New Jersey,NJ,2019,2,2019-06-30,3.2
New Jersey,NJ,2019,3,2019-09-30,3.4333
New Jersey,NJ,2019,4,2019-12-31,3.8
New Jersey,NJ,2020,1,2020-03-31,4.0667
New Jersey,NJ,2020,2,2020-06-30,14.9667
New Jersey,NJ,2020,3,2020-09-30,11.7
New Jersey,NJ,2020,4,2020-12-31,7.2
New Jersey,NJ,2021,1,2021-03-31,7.3667
New Jersey,NJ,2021,2,2021-06-30,7.1667
New Jersey,NJ,2021,3,2021-09-30,6.6
New Jersey,NJ,2021,4,2021-12-31,5.6667
New Jersey,NJ,2022,1,2022-03-31,4.7333
New Jersey,NJ,2022,2,2022-06-30,3.8333
New Jersey,NJ,2022,3,2022-09-30,3.2333
New Jersey,NJ,2022,4,2022-12-31,3.6667
New Jersey,NJ,2023,1,2023-03-31,4.0
New Jersey,NJ,2023,2,2023-06-30,4.2333
New Jersey,NJ,2023,3,2023-09-30,4.4667
New Jersey,NJ,2023,4,2023-12-31,4.5
New Jersey,NJ,2024,1,2024-03-31,4.5
New Jersey,NJ,2024,2,2024-06-30,4.6
New Jersey,NJ,2024,3,2024-09-30,4.7
New Jersey,NJ,2024,4,2024-12-31,4.7667
New Jersey,NJ,2025,1,2025-03-31,5.0
New Jersey,NJ,2025,2,2025-06-30,5.2333
New Jersey,NJ,2025,3,2025-09-30,5.5
New Jersey,NJ,2025,4,2025-12-31,5.4167
New Mexico,NM,2010,1,2010-03-31,8.0
New Mexico,NM,2010,2,2010-06-30,7.9
New Mexico,NM,2010,3,2010-09-30,7.7667
New Mexico,NM,2010,4,2010-12-31,7.6
New Mexico,NM,2011,1,2011-03-31,7.3
New Mexico,NM,2011,2,2011-06-30,7.2
New Mexico,NM,2011,3,2011-09-30,7.2
New Mexico,NM,2011,4,2011-12-31,7.1667
New Mexico,NM,2012,1,2012-03-31,7.0
New Mexico,NM,2012,2,2012-06-30,7.0
New Mexico,NM,2012,3,2012-09-30,6.9
New Mexico,NM,2012,4,2012-12-31,6.9
New Mexico,NM,2013,1,2013-03-31,7.0
New Mexico,NM,2013,2,2013-06-30,6.9333
New Mexico,NM,2013,3,2013-09-30,6.8667
New Mexico,NM,2013,4,2013-12-31,6.8
New Mexico,NM,2014,1,2014-03-31,6.7333
New Mexico,NM,2014,2,2014-06-30,6.6
New Mexico,NM,2014,3,2014-09-30,6.5
New Mexico,NM,2014,4,2014-12-31,6.4
New Mexico,NM,2015,1,2015-03-31,6.5333
New Mexico,NM,2015,2,2015-06-30,6.7
New Mexico,NM,2015,3,2015-09-30,6.6667
New Mexico,NM,2015,4,2015-12-31,6.5333
New Mexico,NM,2016,1,2016-03-31,6.5
New Mexico,NM,2016,2,2016-06-30,6.7
New Mexico,NM,2016,3,2016-09-30,6.9667
New Mexico,NM,2016,4,2016-12-31,6.9667
New Mexico,NM,2017,1,2017-03-31,6.7
New Mexico,NM,2017,2,2017-06-30,6.3333
New Mexico,NM,2017,3,2017-09-30,5.9
New Mexico,NM,2017,4,2017-12-31,5.5333
New Mexico,NM,2018,1,2018-03-31,5.0667
New Mexico,NM,2018,2,2018-06-30,4.7667
New Mexico,NM,2018,3,2018-09-30,4.8
New Mexico,NM,2018,4,2018-12-31,5.1
New Mexico,NM,2019,1,2019-03-31,5.0667
New Mexico,NM,2019,2,2019-06-30,4.9667
New Mexico,NM,2019,3,2019-09-30,4.9
New Mexico,NM,2019,4,2019-12-31,4.9333
New Mexico,NM,2020,1,2020-03-31,5.4333
New Mexico,NM,2020,2,2020-06-30,9.1
New Mexico,NM,2020,3,2020-09-30,8.7667
New Mexico,NM,2020,4,2020-12-31,8.4
New Mexico,NM,2021,1,2021-03-31,8.1333
New Mexico,NM,2021,2,2021-06-30,7.6667
New Mexico,NM,2021,3,2021-09-30,6.7333
New Mexico,NM,2021,4,2021-12-31,5.8
New Mexico,NM,2022,1,2022-03-31,5.0667
New Mexico,NM,2022,2,2022-06-30,4.1667
New Mexico,NM,2022,3,2022-09-30,3.4667
New Mexico,NM,2022,4,2022-12-31,3.5667
New Mexico,NM,2023,1,2023-03-31,3.6
New Mexico,NM,2023,2,2023-06-30,3.6
New Mexico,NM,2023,3,2023-09-30,3.6667
New Mexico,NM,2023,4,2023-12-31,3.7667
New Mexico,NM,2024,1,2024-03-31,3.8333
New Mexico,NM,2024,2,2024-06-30,4.1
New Mexico,NM,2024,3,2024-09-30,4.2333
New Mexico,NM,2024,4,2024-12-31,4.2
New Mexico,NM,2025,1,2025-03-31,4.1
New Mexico,NM,2025,2,2025-06-30,4.0333
New Mexico,NM,2025,3,2025-09-30,4.1
New Mexico,NM,2025,4,2025-12-31,4.2833
New York,NY,2010,1,2010-03-31,8.9667
New York,NY,2010,2,2010-06-30,8.8
New York,NY,2010,3,2010-09-30,8.6333
New York,NY,2010,4,2010-12-31,8.5333
New York,NY,2011,1,2011-03-31,8.3
New York,NY,2011,2,2011-06-30,8.2333
New York,NY,2011,3,2011-09-30,8.3667
New York,NY,2011,4,2011-12-31,8.5333
New York,NY,2012,1,2012-03-31,8.6667
New York,NY,2012,2,2012-06-30,8.8
New York,NY,2012,3,2012-09-30,8.7
New York,NY,2012,4,2012-12-31,8.4333
New York,NY,2013,1,2013-03-31,8.2
New York,NY,2013,2,2013-06-30,7.9667
New York,NY,2013,3,2013-09-30,7.8
New York,NY,2013,4,2013-12-31,7.3
New York,NY,2014,1,2014-03-31,6.8333
New York,NY,2014,2,2014-06-30,6.4333
New York,NY,2014,3,2014-09-30,6.1
New York,NY,2014,4,2014-12-31,5.8
New York,NY,2015,1,2015-03-31,5.6333
New York,NY,2015,2,2015-06-30,5.4
New York,NY,2015,3,2015-09-30,5.0
New York,NY,2015,4,2015-12-31,4.8333
New York,NY,2016,1,2016-03-31,4.8
New York,NY,2016,2,2016-06-30,4.8333
New York,NY,2016,3,2016-09-30,4.9667
New York,NY,2016,4,2016-12-31,4.9
New York,NY,2017,1,2017-03-31,4.6333
New York,NY,2017,2,2017-06-30,4.6
New York,NY,2017,3,2017-09-30,4.7
New York,NY,2017,4,2017-12-31,4.6333
New York,NY,2018,1,2018-03-31,4.4
New York,NY,2018,2,2018-06-30,4.1
New York,NY,2018,3,2018-09-30,3.9
New York,NY,2018,4,2018-12-31,4.0
New York,NY,2019,1,2019-03-31,3.9333
New York,NY,2019,2,2019-06-30,3.8
New York,NY,2019,3,2019-09-30,3.8667
New York,NY,2019,4,2019-12-31,3.9667
New York,NY,2020,1,2020-03-31,4.1667
New York,NY,2020,2,2020-06-30,15.3333
New York,NY,2020,3,2020-09-30,11.2
New York,NY,2020,4,2020-12-31,8.9333
New York,NY,2021,1,2021-03-31,8.3
New York,NY,2021,2,2021-06-30,7.6333
New York,NY,2021,3,2021-09-30,6.6667
New York,NY,2021,4,2021-12-31,5.6
New York,NY,2022,1,2022-03-31,4.8667
New York,NY,2022,2,2022-06-30,4.3333
New York,NY,2022,3,2022-09-30,3.9
New York,NY,2022,4,2022-12-31,4.0
New York,NY,2023,1,2023-03-31,4.0
New York,NY,2023,2,2023-06-30,3.9
New York,NY,2023,3,2023-09-30,4.0333
New York,NY,2023,4,2023-12-31,4.1667
New York,NY,2024,1,2024-03-31,4.1
New York,NY,2024,2,2024-06-30,4.2
New York,NY,2024,3,2024-09-30,4.2
New York,NY,2024,4,2024-12-31,4.1
New York,NY,2025,1,2025-03-31,4.1
New York,NY,2025,2,2025-06-30,4.2
New York,NY,2025,3,2025-09-30,4.5
New York,NY,2025,4,2025-12-31,4.6
Ohio,OH,2010,1,2010-03-31,10.6667
Ohio,OH,2010,2,2010-06-30,10.1
Ohio,OH,2010,3,2010-09-30,9.7333
Ohio,OH,2010,4,2010-12-31,9.4667
Ohio,OH,2011,1,2011-03-31,9.0333
Ohio,OH,2011,2,2011-06-30,8.9
Ohio,OH,2011,3,2011-09-30,8.8333
Ohio,OH,2011,4,2011-12-31,8.2667
Ohio,OH,2012,1,2012-03-31,7.6333
Ohio,OH,2012,2,2012-06-30,7.3667
Ohio,OH,2012,3,2012-09-30,7.2333
Ohio,OH,2012,4,2012-12-31,7.3333
Ohio,OH,2013,1,2013-03-31,7.5
Ohio,OH,2013,2,2013-06-30,7.5
Ohio,OH,2013,3,2013-09-30,7.4667
Ohio,OH,2013,4,2013-12-31,7.0667
Ohio,OH,2014,1,2014-03-31,6.4
Ohio,OH,2014,2,2014-06-30,5.9667
Ohio,OH,2014,3,2014-09-30,5.6
Ohio,OH,2014,4,2014-12-31,5.3
Ohio,OH,2015,1,2015-03-31,5.1667
Ohio,OH,2015,2,2015-06-30,5.0
Ohio,OH,2015,3,2015-09-30,4.8
Ohio,OH,2015,4,2015-12-31,4.8667
Ohio,OH,2016,1,2016-03-31,5.0
Ohio,OH,2016,2,2016-06-30,5.0
Ohio,OH,2016,3,2016-09-30,5.0333
Ohio,OH,2016,4,2016-12-31,5.2
Ohio,OH,2017,1,2017-03-31,5.1333
Ohio,OH,2017,2,2017-06-30,5.0
Ohio,OH,2017,3,2017-09-30,4.9
Ohio,OH,2017,4,2017-12-31,4.7
Ohio,OH,2018,1,2018-03-31,4.5333
Ohio,OH,2018,2,2018-06-30,4.4667
Ohio,OH,2018,3,2018-09-30,4.4
Ohio,OH,2018,4,2018-12-31,4.5
Ohio,OH,2019,1,2019-03-31,4.2
Ohio,OH,2019,2,2019-06-30,3.9
Ohio,OH,2019,3,2019-09-30,4.1
Ohio,OH,2019,4,2019-12-31,4.3
Ohio,OH,2020,1,2020-03-31,4.5667
Ohio,OH,2020,2,2020-06-30,13.4333
Ohio,OH,2020,3,2020-09-30,8.5667
Ohio,OH,2020,4,2020-12-31,6.4667
Ohio,OH,2021,1,2021-03-31,6.0333
Ohio,OH,2021,2,2021-06-30,5.7
Ohio,OH,2021,3,2021-09-30,5.0
Ohio,OH,2021,4,2021-12-31,4.3
Ohio,OH,2022,1,2022-03-31,3.9333
Ohio,OH,2022,2,2022-06-30,3.8667
Ohio,OH,2022,3,2022-09-30,4.0667
Ohio,OH,2022,4,2022-12-31,4.0
Ohio,OH,2023,1,2023-03-31,3.6333
Ohio,OH,2023,2,2023-06-30,3.4667
Ohio,OH,2023,3,2023-09-30,3.7
Ohio,OH,2023,4,2023-12-31,3.8667
Ohio,OH,2024,1,2024-03-31,4.0
Ohio,OH,2024,2,2024-06-30,4.2667
Ohio,OH,2024,3,2024-09-30,4.4333
Ohio,OH,2024,4,2024-12-31,4.7
Ohio,OH,2025,1,2025-03-31,4.8333
Ohio,OH,2025,2,2025-06-30,4.7
Ohio,OH,2025,3,2025-09-30,4.4
Ohio,OH,2025,4,2025-12-31,4.3333
Oregon,OR,2010,1,2010-03-31,10.7
Oregon,OR,2010,2,2010-06-30,10.6333
Oregon,OR,2010,3,2010-09-30,10.5333
Oregon,OR,2010,4,2010-12-31,10.3667
Oregon,OR,2011,1,2011-03-31,9.7333
Oregon,OR,2011,2,2011-06-30,9.5
Oregon,OR,2011,3,2011-09-30,9.4667
Oregon,OR,2011,4,2011-12-31,9.1333
Oregon,OR,2012,1,2012-03-31,8.8333
Oregon,OR,2012,2,2012-06-30,8.8
Oregon,OR,2012,3,2012-09-30,8.6667
Oregon,OR,2012,4,2012-12-31,8.5333
Oregon,OR,2013,1,2013-03-31,8.3
Oregon,OR,2013,2,2013-06-30,7.9333
Oregon,OR,2013,3,2013-09-30,7.5333
Oregon,OR,2013,4,2013-12-31,7.2333
Oregon,OR,2014,1,2014-03-31,7.1
Oregon,OR,2014,2,2014-06-30,6.8
Oregon,OR,2014,3,2014-09-30,6.5
Oregon,OR,2014,4,2014-12-31,6.1667
Oregon,OR,2015,1,2015-03-31,5.7667
Oregon,OR,2015,2,2015-06-30,5.5667
Oregon,OR,2015,3,2015-09-30,5.4
Oregon,OR,2015,4,2015-12-31,5.1
Oregon,OR,2016,1,2016-03-31,4.9333
Oregon,OR,2016,2,2016-06-30,4.9
Oregon,OR,2016,3,2016-09-30,4.8
Oregon,OR,2016,4,2016-12-31,4.3667
Oregon,OR,2017,1,2017-03-31,4.0333
Oregon,OR,2017,2,2017-06-30,3.9667
Oregon,OR,2017,3,2017-09-30,4.1
Oregon,OR,2017,4,2017-12-31,4.1667
Oregon,OR,2018,1,2018-03-31,4.0667
Oregon,OR,2018,2,2018-06-30,3.8667
Oregon,OR,2018,3,2018-09-30,3.9667
Oregon,OR,2018,4,2018-12-31,4.2333
Oregon,OR,2019,1,2019-03-31,4.1
Oregon,OR,2019,2,2019-06-30,3.8
Oregon,OR,2019,3,2019-09-30,3.6
Oregon,OR,2019,4,2019-12-31,3.4
Oregon,OR,2020,1,2020-03-31,3.5667
Oregon,OR,2020,2,2020-06-30,11.9
Oregon,OR,2020,3,2020-09-30,8.2
Oregon,OR,2020,4,2020-12-31,6.6333
Oregon,OR,2021,1,2021-03-31,6.2
Oregon,OR,2021,2,2021-06-30,5.6333
Oregon,OR,2021,3,2021-09-30,4.7
Oregon,OR,2021,4,2021-12-31,4.0667
Oregon,OR,2022,1,2022-03-31,3.8
Oregon,OR,2022,2,2022-06-30,3.8333
Oregon,OR,2022,3,2022-09-30,4.0
Oregon,OR,2022,4,2022-12-31,4.1333
Oregon,OR,2023,1,2023-03-31,3.7333
Oregon,OR,2023,2,2023-06-30,3.6333
Oregon,OR,2023,3,2023-09-30,3.8
Oregon,OR,2023,4,2023-12-31,4.0
Oregon,OR,2024,1,2024-03-31,4.1333
Oregon,OR,2024,2,2024-06-30,4.2
Oregon,OR,2024,3,2024-09-30,4.3
Oregon,OR,2024,4,2024-12-31,4.5333
Oregon,OR,2025,1,2025-03-31,4.9
Oregon,OR,2025,2,2025-06-30,5.1667
Oregon,OR,2025,3,2025-09-30,5.3
Oregon,OR,2025,4,2025-12-31,5.3
Pennsylvania,PA,2010,1,2010-03-31,8.4
Pennsylvania,PA,2010,2,2010-06-30,8.2
Pennsylvania,PA,2010,3,2010-09-30,8.0
Pennsylvania,PA,2010,4,2010-12-31,7.8667
Pennsylvania,PA,2011,1,2011-03-31,7.6333
Pennsylvania,PA,2011,2,2011-06-30,7.6667
Pennsylvania,PA,2011,3,2011-09-30,7.8
Pennsylvania,PA,2011,4,2011-12-31,7.7
Pennsylvania,PA,2012,1,2012-03-31,7.4667
Pennsylvania,PA,2012,2,2012-06-30,7.6
Pennsylvania,PA,2012,3,2012-09-30,7.6667
Pennsylvania,PA,2012,4,2012-12-31,7.6
Pennsylvania,PA,2013,1,2013-03-31,7.4
Pennsylvania,PA,2013,2,2013-06-30,7.1333
Pennsylvania,PA,2013,3,2013-09-30,6.9667
Pennsylvania,PA,2013,4,2013-12-31,6.7
Pennsylvania,PA,2014,1,2014-03-31,6.4
Pennsylvania,PA,2014,2,2014-06-30,6.1
Pennsylvania,PA,2014,3,2014-09-30,5.8
Pennsylvania,PA,2014,4,2014-12-31,5.5667
Pennsylvania,PA,2015,1,2015-03-31,5.5667
Pennsylvania,PA,2015,2,2015-06-30,5.4667
Pennsylvania,PA,2015,3,2015-09-30,5.3333
Pennsylvania,PA,2015,4,2015-12-31,5.3
Pennsylvania,PA,2016,1,2016-03-31,5.3
Pennsylvania,PA,2016,2,2016-06-30,5.4
Pennsylvania,PA,2016,3,2016-09-30,5.3667
Pennsylvania,PA,2016,4,2016-12-31,5.2667
Pennsylvania,PA,2017,1,2017-03-31,5.1333
Pennsylvania,PA,2017,2,2017-06-30,4.9667
Pennsylvania,PA,2017,3,2017-09-30,4.9
Pennsylvania,PA,2017,4,2017-12-31,4.9
Pennsylvania,PA,2018,1,2018-03-31,4.7
Pennsylvania,PA,2018,2,2018-06-30,4.4
Pennsylvania,PA,2018,3,2018-09-30,4.2333
Pennsylvania,PA,2018,4,2018-12-31,4.3
Pennsylvania,PA,2019,1,2019-03-31,4.3
Pennsylvania,PA,2019,2,2019-06-30,4.2
Pennsylvania,PA,2019,3,2019-09-30,4.2333
Pennsylvania,PA,2019,4,2019-12-31,4.3333
Pennsylvania,PA,2020,1,2020-03-31,4.6
Pennsylvania,PA,2020,2,2020-06-30,13.4333
Pennsylvania,PA,2020,3,2020-09-30,9.4667
Pennsylvania,PA,2020,4,2020-12-31,7.8333
Pennsylvania,PA,2021,1,2021-03-31,7.1
Pennsylvania,PA,2021,2,2021-06-30,6.3667
Pennsylvania,PA,2021,3,2021-09-30,5.6
Pennsylvania,PA,2021,4,2021-12-31,4.7333
Pennsylvania,PA,2022,1,2022-03-31,4.2667
Pennsylvania,PA,2022,2,2022-06-30,4.2
Pennsylvania,PA,2022,3,2022-09-30,4.1333
Pennsylvania,PA,2022,4,2022-12-31,3.9667
Pennsylvania,PA,2023,1,2023-03-31,3.8
Pennsylvania,PA,2023,2,2023-06-30,3.5667
Pennsylvania,PA,2023,3,2023-09-30,3.5667
Pennsylvania,PA,2023,4,2023-12-31,3.7
Pennsylvania,PA,2024,1,2024-03-31,3.7
Pennsylvania,PA,2024,2,2024-06-30,3.7333
Pennsylvania,PA,2024,3,2024-09-30,3.8333
Pennsylvania,PA,2024,4,2024-12-31,3.9667
Pennsylvania,PA,2025,1,2025-03-31,4.1333
Pennsylvania,PA,2025,2,2025-06-30,4.2333
Pennsylvania,PA,2025,3,2025-09-30,4.4
Pennsylvania,PA,2025,4,2025-12-31,4.4
Rhode Island,RI,2010,1,2010-03-31,11.8
Rhode Island,RI,2010,2,2010-06-30,11.7
Rhode Island,RI,2010,3,2010-09-30,11.5
Rhode Island,RI,2010,4,2010-12-31,11.4667
Rhode Island,RI,2011,1,2011-03-31,11.2
Rhode Island,RI,2011,2,2011-06-30,11.0333
Rhode Island,RI,2011,3,2011-09-30,11.1
Rhode Island,RI,2011,4,2011-12-31,11.0667
Rhode Island,RI,2012,1,2012-03-31,10.8
Rhode Island,RI,2012,2,2012-06-30,10.5
Rhode Island,RI,2012,3,2012-09-30,10.1667
Rhode Island,RI,2012,4,2012-12-31,9.7333
Rhode Island,RI,2013,1,2013-03-31,9.5333
Rhode Island,RI,2013,2,2013-06-30,9.5667
Rhode Island,RI,2013,3,2013-09-30,9.5667
Rhode Island,RI,2013,4,2013-12-31,9.2667
Rhode Island,RI,2014,1,2014-03-31,8.7
Rhode Island,RI,2014,2,2014-06-30,8.0
Rhode Island,RI,2014,3,2014-09-30,7.4667
Rhode Island,RI,2014,4,2014-12-31,6.9
Rhode Island,RI,2015,1,2015-03-31,6.4333
Rhode Island,RI,2015,2,2015-06-30,6.1667
Rhode Island,RI,2015,3,2015-09-30,5.8
Rhode Island,RI,2015,4,2015-12-31,5.6667
Rhode Island,RI,2016,1,2016-03-31,5.5333
Rhode Island,RI,2016,2,2016-06-30,5.3667
Rhode Island,RI,2016,3,2016-09-30,5.2
Rhode Island,RI,2016,4,2016-12-31,4.8667
Rhode Island,RI,2017,1,2017-03-31,4.5333
Rhode Island,RI,2017,2,2017-06-30,4.4
Rhode Island,RI,2017,3,2017-09-30,4.4667
Rhode Island,RI,2017,4,2017-12-31,4.5
Rhode Island,RI,2018,1,2018-03-31,4.4
Rhode Island,RI,2018,2,2018-06-30,4.0333
Rhode Island,RI,2018,3,2018-09-30,3.9
Rhode Island,RI,2018,4,2018-12-31,3.8667
Rhode Island,RI,2019,1,2019-03-31,3.7
Rhode Island,RI,2019,2,2019-06-30,3.5
Rhode Island,RI,2019,3,2019-09-30,3.5
Rhode Island,RI,2019,4,2019-12-31,3.4
Rhode Island,RI,2020,1,2020-03-31,3.6
Rhode Island,RI,2020,2,2020-06-30,15.5667
Rhode Island,RI,2020,3,2020-09-30,10.8667
Rhode Island,RI,2020,4,2020-12-31,7.0
Rhode Island,RI,2021,1,2021-03-31,6.4
Rhode Island,RI,2021,2,2021-06-30,6.1333
Rhode Island,RI,2021,3,2021-09-30,5.5333
Rhode Island,RI,2021,4,2021-12-31,4.1333
Rhode Island,RI,2022,1,2022-03-31,3.3333
Rhode Island,RI,2022,2,2022-06-30,3.1333
Rhode Island,RI,2022,3,2022-09-30,3.3333
Rhode Island,RI,2022,4,2022-12-31,3.1
Rhode Island,RI,2023,1,2023-03-31,2.8
Rhode Island,RI,2023,2,2023-06-30,2.7
Rhode Island,RI,2023,3,2023-09-30,2.9
Rhode Island,RI,2023,4,2023-12-31,3.5
Rhode Island,RI,2024,1,2024-03-31,3.9
Rhode Island,RI,2024,2,2024-06-30,4.2
Rhode Island,RI,2024,3,2024-09-30,4.4
Rhode Island,RI,2024,4,2024-12-31,4.5
Rhode Island,RI,2025,1,2025-03-31,4.5
Rhode Island,RI,2025,2,2025-06-30,4.3667
Rhode Island,RI,2025,3,2025-09-30,4.2667
Rhode Island,RI,2025,4,2025-12-31,4.3833
Texas,TX,2010,1,2010-03-31,8.4
Texas,TX,2010,2,2010-06-30,8.2
Texas,TX,2010,3,2010-09-30,8.1333
Texas,TX,2010,4,2010-12-31,8.2667
Texas,TX,2011,1,2011-03-31,8.1667
Texas,TX,2011,2,2011-06-30,8.2
Texas,TX,2011,3,2011-09-30,8.2333
Texas,TX,2011,4,2011-12-31,7.5333
Texas,TX,2012,1,2012-03-31,6.9333
Texas,TX,2012,2,2012-06-30,6.8
Texas,TX,2012,3,2012-09-30,6.6
Texas,TX,2012,4,2012-12-31,6.5
Texas,TX,2013,1,2013-03-31,6.5667
Texas,TX,2013,2,2013-06-30,6.4667
Texas,TX,2013,3,2013-09-30,6.2667
Texas,TX,2013,4,2013-12-31,5.9667
Texas,TX,2014,1,2014-03-31,5.6
Texas,TX,2014,2,2014-06-30,5.3
Texas,TX,2014,3,2014-09-30,5.1
Texas,TX,2014,4,2014-12-31,4.7333
Texas,TX,2015,1,2015-03-31,4.5
Texas,TX,2015,2,2015-06-30,4.4
Texas,TX,2015,3,2015-09-30,4.4667
Texas,TX,2015,4,2015-12-31,4.5
Texas,TX,2016,1,2016-03-31,4.5
Texas,TX,2016,2,2016-06-30,4.6
Texas,TX,2016,3,2016-09-30,4.7667
Texas,TX,2016,4,2016-12-31,4.8
Texas,TX,2017,1,2017-03-31,4.7333
Texas,TX,2017,2,2017-06-30,4.4333
Texas,TX,2017,3,2017-09-30,4.1667
Texas,TX,2017,4,2017-12-31,4.1
Texas,TX,2018,1,2018-03-31,4.0667
Texas,TX,2018,2,2018-06-30,3.9667
Texas,TX,2018,3,2018-09-30,3.8333
Texas,TX,2018,4,2018-12-31,3.8
Texas,TX,2019,1,2019-03-31,3.6667
Texas,TX,2019,2,2019-06-30,3.4333
Texas,TX,2019,3,2019-09-30,3.5
Texas,TX,2019,4,2019-12-31,3.5
Texas,TX,2020,1,2020-03-31,4.0333
Texas,TX,2020,2,2020-06-30,11.5333
Texas,TX,2020,3,2020-09-30,8.3333
Texas,TX,2020,4,2020-12-31,7.0
Texas,TX,2021,1,2021-03-31,6.6
Texas,TX,2021,2,2021-06-30,6.0
Texas,TX,2021,3,2021-09-30,5.3
Texas,TX,2021,4,2021-12-31,4.6333
Texas,TX,2022,1,2022-03-31,4.1333
Texas,TX,2022,2,2022-06-30,3.8333
Texas,TX,2022,3,2022-09-30,3.7667
Texas,TX,2022,4,2022-12-31,4.0
Texas,TX,2023,1,2023-03-31,4.1
Texas,TX,2023,2,2023-06-30,4.0
Texas,TX,2023,3,2023-09-30,4.0
Texas,TX,2023,4,2023-12-31,4.0
Texas,TX,2024,1,2024-03-31,4.0
Texas,TX,2024,2,2024-06-30,4.1
Texas,TX,2024,3,2024-09-30,4.2
Texas,TX,2024,4,2024-12-31,4.1667
Texas,TX,2025,1,2025-03-31,4.1
Texas,TX,2025,2,2025-06-30,4.1
Texas,TX,2025,3,2025-09-30,4.2333
Texas,TX,2025,4,2025-12-31,4.3
Utah,UT,2010,1,2010-03-31,8.4
Utah,UT,2010,2,2010-06-30,8.3
Utah,UT,2010,3,2010-09-30,8.2
Utah,UT,2010,4,2010-12-31,8.1333
Utah,UT,2011,1,2011-03-31,7.9333
Utah,UT,2011,2,2011-06-30,7.9
Utah,UT,2011,3,2011-09-30,7.1667
Utah,UT,2011,4,2011-12-31,5.8667
Utah,UT,2012,1,2012-03-31,4.9333
Utah,UT,2012,2,2012-06-30,4.8
Utah,UT,2012,3,2012-09-30,4.7333
Utah,UT,2012,4,2012-12-31,4.5667
Utah,UT,2013,1,2013-03-31,4.4333
Utah,UT,2013,2,2013-06-30,4.2667
Utah,UT,2013,3,2013-09-30,4.1333
Utah,UT,2013,4,2013-12-31,3.9333
Utah,UT,2014,1,2014-03-31,3.7333
Utah,UT,2014,2,2014-06-30,3.6
Utah,UT,2014,3,2014-09-30,3.6
Utah,UT,2014,4,2014-12-31,3.5667
Utah,UT,2015,1,2015-03-31,3.5
Utah,UT,2015,2,2015-06-30,3.5
Utah,UT,2015,3,2015-09-30,3.5
Utah,UT,2015,4,2015-12-31,3.5
Utah,UT,2016,1,2016-03-31,3.5
Utah,UT,2016,2,2016-06-30,3.3667
Utah,UT,2016,3,2016-09-30,3.2667
Utah,UT,2016,4,2016-12-31,3.2
Utah,UT,2017,1,2017-03-31,3.2
Utah,UT,2017,2,2017-06-30,3.2
Utah,UT,2017,3,2017-09-30,3.1333
Utah,UT,2017,4,2017-12-31,3.1
Utah,UT,2018,1,2018-03-31,3.0
Utah,UT,2018,2,2018-06-30,2.9
Utah,UT,2018,3,2018-09-30,2.9
Utah,UT,2018,4,2018-12-31,2.8667
Utah,UT,2019,1,2019-03-31,2.7333
Utah,UT,2019,2,2019-06-30,2.5667
Utah,UT,2019,3,2019-09-30,2.4667
Utah,UT,2019,4,2019-12-31,2.4
Utah,UT,2020,1,2020-03-31,2.5
Utah,UT,2020,2,2020-06-30,8.0333
Utah,UT,2020,3,2020-09-30,5.0
Utah,UT,2020,4,2020-12-31,3.8
Utah,UT,2021,1,2021-03-31,3.2667
Utah,UT,2021,2,2021-06-30,2.9
Utah,UT,2021,3,2021-09-30,2.5667
Utah,UT,2021,4,2021-12-31,2.3
Utah,UT,2022,1,2022-03-31,2.2667
Utah,UT,2022,2,2022-06-30,2.3
Utah,UT,2022,3,2022-09-30,2.4333
Utah,UT,2022,4,2022-12-31,2.5333
Utah,UT,2023,1,2023-03-31,2.6
Utah,UT,2023,2,2023-06-30,2.6
Utah,UT,2023,3,2023-09-30,2.7667
Utah,UT,2023,4,2023-12-31,2.9333
Utah,UT,2024,1,2024-03-31,3.0667
Utah,UT,2024,2,2024-06-30,3.2667
Utah,UT,2024,3,2024-09-30,3.4
Utah,UT,2024,4,2024-12-31,3.3333
Utah,UT,2025,1,2025-03-31,3.3667
Utah,UT,2025,2,2025-06-30,3.4667
Utah,UT,2025,3,2025-09-30,3.5667
Utah,UT,2025,4,2025-12-31,3.6833
Virginia,VA,2010,1,2010-03-31,7.0667
Virginia,VA,2010,2,2010-06-30,6.9
Virginia,VA,2010,3,2010-09-30,6.7
Virginia,VA,2010,4,2010-12-31,6.5667
Virginia,VA,2011,1,2011-03-31,6.3333
Virginia,VA,2011,2,2011-06-30,6.2667
Virginia,VA,2011,3,2011-09-30,6.3333
Virginia,VA,2011,4,2011-12-31,6.2
Virginia,VA,2012,1,2012-03-31,5.9667
Virginia,VA,2012,2,2012-06-30,5.9
Virginia,VA,2012,3,2012-09-30,5.7667
Virginia,VA,2012,4,2012-12-31,5.6333
Virginia,VA,2013,1,2013-03-31,5.6
Virginia,VA,2013,2,2013-06-30,5.6
Virginia,VA,2013,3,2013-09-30,5.5333
Virginia,VA,2013,4,2013-12-31,5.3667
Virginia,VA,2014,1,2014-03-31,5.2667
Virginia,VA,2014,2,2014-06-30,5.1667
Virginia,VA,2014,3,2014-09-30,5.0
Virginia,VA,2014,4,2014-12-31,4.8333
Virginia,VA,2015,1,2015-03-31,4.6667
Virginia,VA,2015,2,2015-06-30,4.5
Virginia,VA,2015,3,2015-09-30,4.2333
Virginia,VA,2015,4,2015-12-31,4.1
Virginia,VA,2016,1,2016-03-31,4.0
Virginia,VA,2016,2,2016-06-30,4.0
Virginia,VA,2016,3,2016-09-30,4.0
Virginia,VA,2016,4,2016-12-31,4.0
Virginia,VA,2017,1,2017-03-31,3.9
Virginia,VA,2017,2,2017-06-30,3.6667
Virginia,VA,2017,3,2017-09-30,3.5
Virginia,VA,2017,4,2017-12-31,3.4333
Virginia,VA,2018,1,2018-03-31,3.3
Virginia,VA,2018,2,2018-06-30,2.9333
Virginia,VA,2018,3,2018-09-30,2.8
Virginia,VA,2018,4,2018-12-31,2.9667
Virginia,VA,2019,1,2019-03-31,3.0
Virginia,VA,2019,2,2019-06-30,2.6667
Virginia,VA,2019,3,2019-09-30,2.5333
Virginia,VA,2019,4,2019-12-31,2.7
Virginia,VA,2020,1,2020-03-31,2.9667
Virginia,VA,2020,2,2020-06-30,10.2667
Virginia,VA,2020,3,2020-09-30,7.4333
Virginia,VA,2020,4,2020-12-31,5.4
Virginia,VA,2021,1,2021-03-31,4.7
Virginia,VA,2021,2,2021-06-30,4.2
Virginia,VA,2021,3,2021-09-30,3.5333
Virginia,VA,2021,4,2021-12-31,2.9333
Virginia,VA,2022,1,2022-03-31,2.6333
Virginia,VA,2022,2,2022-06-30,2.5667
Virginia,VA,2022,3,2022-09-30,2.7
Virginia,VA,2022,4,2022-12-31,2.9
Virginia,VA,2023,1,2023-03-31,2.8
Virginia,VA,2023,2,2023-06-30,2.5667
Virginia,VA,2023,3,2023-09-30,2.6333
Virginia,VA,2023,4,2023-12-31,2.8
Virginia,VA,2024,1,2024-03-31,2.8
Virginia,VA,2024,2,2024-06-30,2.8333
Virginia,VA,2024,3,2024-09-30,2.9667
Virginia,VA,2024,4,2024-12-31,3.1
Virginia,VA,2025,1,2025-03-31,3.2333
Virginia,VA,2025,2,2025-06-30,3.2667
Virginia,VA,2025,3,2025-09-30,3.3333
Virginia,VA,2025,4,2025-12-31,3.5667
Vermont,VT,2010,1,2010-03-31,6.5333
Vermont,VT,2010,2,2010-06-30,6.3
Vermont,VT,2010,3,2010-09-30,6.0333
Vermont,VT,2010,4,2010-12-31,5.9667
Vermont,VT,2011,1,2011-03-31,5.7
Vermont,VT,2011,2,2011-06-30,5.4667
Vermont,VT,2011,3,2011-09-30,5.3333
Vermont,VT,2011,4,2011-12-31,5.1
Vermont,VT,2012,1,2012-03-31,4.8333
Vermont,VT,2012,2,2012-06-30,4.8333
Vermont,VT,2012,3,2012-09-30,4.8333
Vermont,VT,2012,4,2012-12-31,4.6333
Vermont,VT,2013,1,2013-03-31,4.5333
Vermont,VT,2013,2,2013-06-30,4.5
Vermont,VT,2013,3,2013-09-30,4.4333
Vermont,VT,2013,4,2013-12-31,4.2
Vermont,VT,2014,1,2014-03-31,4.0333
Vermont,VT,2014,2,2014-06-30,3.9
Vermont,VT,2014,3,2014-09-30,3.9
Vermont,VT,2014,4,2014-12-31,3.8
Vermont,VT,2015,1,2015-03-31,3.6333
Vermont,VT,2015,2,2015-06-30,3.5
Vermont,VT,2015,3,2015-09-30,3.4333
Vermont,VT,2015,4,2015-12-31,3.3333
Vermont,VT,2016,1,2016-03-31,3.2
Vermont,VT,2016,2,2016-06-30,3.1
Vermont,VT,2016,3,2016-09-30,3.1
Vermont,VT,2016,4,2016-12-31,3.1
Vermont,VT,2017,1,2017-03-31,3.1
Vermont,VT,2017,2,2017-06-30,2.9333
Vermont,VT,2017,3,2017-09-30,2.9
Vermont,VT,2017,4,2017-12-31,2.8667
Vermont,VT,2018,1,2018-03-31,2.7667
Vermont,VT,2018,2,2018-06-30,2.5333
Vermont,VT,2018,3,2018-09-30,2.4
Vermont,VT,2018,4,2018-12-31,2.3
Vermont,VT,2019,1,2019-03-31,2.2
Vermont,VT,2019,2,2019-06-30,2.0
Vermont,VT,2019,3,2019-09-30,2.0667
Vermont,VT,2019,4,2019-12-31,2.1333
Vermont,VT,2020,1,2020-03-31,2.2333
Vermont,VT,2020,2,2020-06-30,10.4667
Vermont,VT,2020,3,2020-09-30,5.6333
Vermont,VT,2020,4,2020-12-31,4.2667
Vermont,VT,2021,1,2021-03-31,4.2
Vermont,VT,2021,2,2021-06-30,3.8667
Vermont,VT,2021,3,2021-09-30,3.2
Vermont,VT,2021,4,2021-12-31,2.6667
Vermont,VT,2022,1,2022-03-31,2.3333
Vermont,VT,2022,2,2022-06-30,2.2667
Vermont,VT,2022,3,2022-09-30,2.3667
Vermont,VT,2022,4,2022-12-31,2.3
Vermont,VT,2023,1,2023-03-31,2.0
Vermont,VT,2023,2,2023-06-30,1.8
Vermont,VT,2023,3,2023-09-30,1.9333
Vermont,VT,2023,4,2023-12-31,2.0
Vermont,VT,2024,1,2024-03-31,2.0667
Vermont,VT,2024,2,2024-06-30,2.2
Vermont,VT,2024,3,2024-09-30,2.3667
Vermont,VT,2024,4,2024-12-31,2.5
Vermont,VT,2025,1,2025-03-31,2.6
Vermont,VT,2025,2,2025-06-30,2.6
Vermont,VT,2025,3,2025-09-30,2.6
Vermont,VT,2025,4,2025-12-31,2.6833
Washington,WA,2010,1,2010-03-31,10.3
Washington,WA,2010,2,2010-06-30,9.9333
Washington,WA,2010,3,2010-09-30,9.8667
Washington,WA,2010,4,2010-12-31,9.8667
Washington,WA,2011,1,2011-03-31,9.6
Washington,WA,2011,2,2011-06-30,9.5
Washington,WA,2011,3,2011-09-30,9.4667
Washington,WA,2011,4,2011-12-31,9.1667
Washington,WA,2012,1,2012-03-31,8.9333
Washington,WA,2012,2,2012-06-30,9.0
Washington,WA,2012,3,2012-09-30,8.4
Washington,WA,2012,4,2012-12-31,7.4333
Washington,WA,2013,1,2013-03-31,6.7333
Washington,WA,2013,2,2013-06-30,6.7
Washington,WA,2013,3,2013-09-30,6.6667
Washington,WA,2013,4,2013-12-31,6.4
Washington,WA,2014,1,2014-03-31,6.2
Washington,WA,2014,2,2014-06-30,5.9667
Washington,WA,2014,3,2014-09-30,5.8667
Washington,WA,2014,4,2014-12-31,5.7
Washington,WA,2015,1,2015-03-31,5.5333
Washington,WA,2015,2,2015-06-30,5.4333
Washington,WA,2015,3,2015-09-30,5.4
Washington,WA,2015,4,2015-12-31,5.4
Washington,WA,2016,1,2016-03-31,5.3667
Washington,WA,2016,2,2016-06-30,5.3
Washington,WA,2016,3,2016-09-30,5.1667
Washington,WA,2016,4,2016-12-31,4.9333
Washington,WA,2017,1,2017-03-31,4.7333
Washington,WA,2017,2,2017-06-30,4.6
Washington,WA,2017,3,2017-09-30,4.6333
Washington,WA,2017,4,2017-12-31,4.6333
Washington,WA,2018,1,2018-03-31,4.5333
Washington,WA,2018,2,2018-06-30,4.3333
Washington,WA,2018,3,2018-09-30,4.2333
Washington,WA,2018,4,2018-12-31,4.5
Washington,WA,2019,1,2019-03-31,4.6333
Washington,WA,2019,2,2019-06-30,4.3
Washington,WA,2019,3,2019-09-30,4.0
Washington,WA,2019,4,2019-12-31,3.8
Washington,WA,2020,1,2020-03-31,4.4667
Washington,WA,2020,2,2020-06-30,14.1333
Washington,WA,2020,3,2020-09-30,9.2333
Washington,WA,2020,4,2020-12-31,6.9667
Washington,WA,2021,1,2021-03-31,6.1667
Washington,WA,2021,2,2021-06-30,5.5
Washington,WA,2021,3,2021-09-30,4.9
Washington,WA,2021,4,2021-12-31,4.2
Washington,WA,2022,1,2022-03-31,3.9333
Washington,WA,2022,2,2022-06-30,3.9333
Washington,WA,2022,3,2022-09-30,4.1
Washington,WA,2022,4,2022-12-31,4.2
Washington,WA,2023,1,2023-03-31,4.0667
Washington,WA,2023,2,2023-06-30,4.0
Washington,WA,2023,3,2023-09-30,4.2333
Washington,WA,2023,4,2023-12-31,4.5667
Washington,WA,2024,1,2024-03-31,4.6
Washington,WA,2024,2,2024-06-30,4.6
Washington,WA,2024,3,2024-09-30,4.4667
Washington,WA,2024,4,2024-12-31,4.3333
Washington,WA,2025,1,2025-03-31,4.4333
Washington,WA,2025,2,2025-06-30,4.5
Washington,WA,2025,3,2025-09-30,4.6333
Washington,WA,2025,4,2025-12-31,4.8667
Wisconsin,WI,2010,1,2010-03-31,9.0667
Wisconsin,WI,2010,2,2010-06-30,8.5
Wisconsin,WI,2010,3,2010-09-30,8.1333
Wisconsin,WI,2010,4,2010-12-31,7.9667
Wisconsin,WI,2011,1,2011-03-31,7.7
Wisconsin,WI,2011,2,2011-06-30,7.6333
Wisconsin,WI,2011,3,2011-09-30,7.6
Wisconsin,WI,2011,4,2011-12-31,7.2667
Wisconsin,WI,2012,1,2012-03-31,6.9333
Wisconsin,WI,2012,2,2012-06-30,7.0
Wisconsin,WI,2012,3,2012-09-30,6.9
Wisconsin,WI,2012,4,2012-12-31,6.8333
Wisconsin,WI,2013,1,2013-03-31,6.9667
Wisconsin,WI,2013,2,2013-06-30,6.8
Wisconsin,WI,2013,3,2013-09-30,6.6
Wisconsin,WI,2013,4,2013-12-31,6.3
Wisconsin,WI,2014,1,2014-03-31,5.8667
Wisconsin,WI,2014,2,2014-06-30,5.5
Wisconsin,WI,2014,3,2014-09-30,5.2
Wisconsin,WI,2014,4,2014-12-31,4.9
Wisconsin,WI,2015,1,2015-03-31,4.6667
Wisconsin,WI,2015,2,2015-06-30,4.5
Wisconsin,WI,2015,3,2015-09-30,4.3
Wisconsin,WI,2015,4,2015-12-31,4.2
Wisconsin,WI,2016,1,2016-03-31,4.1333
Wisconsin,WI,2016,2,2016-06-30,3.9667
Wisconsin,WI,2016,3,2016-09-30,3.8667
Wisconsin,WI,2016,4,2016-12-31,3.7667
Wisconsin,WI,2017,1,2017-03-31,3.5
Wisconsin,WI,2017,2,2017-06-30,3.2667
Wisconsin,WI,2017,3,2017-09-30,3.2667
Wisconsin,WI,2017,4,2017-12-31,3.1
Wisconsin,WI,2018,1,2018-03-31,3.0
Wisconsin,WI,2018,2,2018-06-30,3.0
Wisconsin,WI,2018,3,2018-09-30,3.0
Wisconsin,WI,2018,4,2018-12-31,3.0
Wisconsin,WI,2019,1,2019-03-31,3.1
Wisconsin,WI,2019,2,2019-06-30,3.2
Wisconsin,WI,2019,3,2019-09-30,3.3
Wisconsin,WI,2019,4,2019-12-31,3.2333
Wisconsin,WI,2020,1,2020-03-31,3.0667
Wisconsin,WI,2020,2,2020-06-30,11.1
Wisconsin,WI,2020,3,2020-09-30,6.5667
Wisconsin,WI,2020,4,2020-12-31,5.0
Wisconsin,WI,2021,1,2021-03-31,4.4667
Wisconsin,WI,2021,2,2021-06-30,4.1
Wisconsin,WI,2021,3,2021-09-30,3.6
Wisconsin,WI,2021,4,2021-12-31,3.1
Wisconsin,WI,2022,1,2022-03-31,2.9
Wisconsin,WI,2022,2,2022-06-30,2.8333
Wisconsin,WI,2022,3,2022-09-30,2.8
Wisconsin,WI,2022,4,2022-12-31,2.7333
Wisconsin,WI,2023,1,2023-03-31,2.6
Wisconsin,WI,2023,2,2023-06-30,2.7333
Wisconsin,WI,2023,3,2023-09-30,2.9667
Wisconsin,WI,2023,4,2023-12-31,2.9333
Wisconsin,WI,2024,1,2024-03-31,2.9
Wisconsin,WI,2024,2,2024-06-30,3.0
Wisconsin,WI,2024,3,2024-09-30,3.0
Wisconsin,WI,2024,4,2024-12-31,3.1333
Wisconsin,WI,2025,1,2025-03-31,3.2667
Wisconsin,WI,2025,2,2025-06-30,3.1333
Wisconsin,WI,2025,3,2025-09-30,3.0667
Wisconsin,WI,2025,4,2025-12-31,3.1833
