state,state_abbr,year,quarter,date,homeownership_rate
Arkansas,AR,2010,1,2010-03-31,69.2
Arkansas,AR,2010,2,2010-06-30,66.1
Arkansas,AR,2010,3,2010-09-30,66.1
Arkansas,AR,2010,4,2010-12-31,70.0
Arkansas,AR,2011,1,2011-03-31,70.5
Arkansas,AR,2011,2,2011-06-30,64.9
Arkansas,AR,2011,3,2011-09-30,66.1
Arkansas,AR,2011,4,2011-12-31,68.6
Arkansas,AR,2012,1,2012-03-31,66.2
Arkansas,AR,2012,2,2012-06-30,65.1
Arkansas,AR,2012,3,2012-09-30,66.7
Arkansas,AR,2012,4,2012-12-31,66.0
Arkansas,AR,2013,1,2013-03-31,64.3
Arkansas,AR,2013,2,2013-06-30,66.1
Arkansas,AR,2013,3,2013-09-30,66.6
Arkansas,AR,2013,4,2013-12-31,64.5
Arkansas,AR,2014,1,2014-03-31,62.8
Arkansas,AR,2014,2,2014-06-30,66.2
Arkansas,AR,2014,3,2014-09-30,65.2
Arkansas,AR,2014,4,2014-12-31,67.6
Arkansas,AR,2015,1,2015-03-31,66.9
Arkansas,AR,2015,2,2015-06-30,65.8
Arkansas,AR,2015,3,2015-09-30,66.8
Arkansas,AR,2015,4,2015-12-31,68.7
Arkansas,AR,2016,1,2016-03-31,69.5
Arkansas,AR,2016,2,2016-06-30,67.5
Arkansas,AR,2016,3,2016-09-30,65.6
Arkansas,AR,2016,4,2016-12-31,67.9
Arkansas,AR,2017,1,2017-03-31,65.1
Arkansas,AR,2017,2,2017-06-30,65.2
Arkansas,AR,2017,3,2017-09-30,64.6
Arkansas,AR,2017,4,2017-12-31,64.9
Arkansas,AR,2018,1,2018-03-31,65.4
Arkansas,AR,2018,2,2018-06-30,64.4
Arkansas,AR,2018,3,2018-09-30,64.2
Arkansas,AR,2018,4,2018-12-31,64.8
Arkansas,AR,2019,1,2019-03-31,66.3
Arkansas,AR,2019,2,2019-06-30,66.9
Arkansas,AR,2019,3,2019-09-30,63.6
Arkansas,AR,2019,4,2019-12-31,64.4
Arkansas,AR,2020,1,2020-03-31,66.6
Arkansas,AR,2020,2,2020-06-30,71.3
Arkansas,AR,2020,3,2020-09-30,70.7
Arkansas,AR,2020,4,2020-12-31,66.4
Arkansas,AR,2021,1,2021-03-31,63.7
Arkansas,AR,2021,2,2021-06-30,66.1
Arkansas,AR,2021,3,2021-09-30,66.9
Arkansas,AR,2021,4,2021-12-31,67.5
Arkansas,AR,2022,1,2022-03-31,66.5
Arkansas,AR,2022,2,2022-06-30,64.5
Arkansas,AR,2022,3,2022-09-30,66.5
Arkansas,AR,2022,4,2022-12-31,69.9
Arkansas,AR,2023,1,2023-03-31,67.7
Arkansas,AR,2023,2,2023-06-30,64.1
Arkansas,AR,2023,3,2023-09-30,64.3
Arkansas,AR,2023,4,2023-12-31,67.7
Arkansas,AR,2024,1,2024-03-31,66.5
Arkansas,AR,2024,2,2024-06-30,67.0
Arkansas,AR,2024,3,2024-09-30,67.1
Arkansas,AR,2024,4,2024-12-31,65.9
Arkansas,AR,2025,1,2025-03-31,68.9
Arkansas,AR,2025,2,2025-06-30,70.1
Arkansas,AR,2025,3,2025-09-30,67.4
Arkansas,AR,2025,4,2025-12-31,69.2
Arizona,AZ,2010,1,2010-03-31,68.2
Arizona,AZ,2010,2,2010-06-30,67.0
Arizona,AZ,2010,3,2010-09-30,65.4
Arizona,AZ,2010,4,2010-12-31,65.9
Arizona,AZ,2011,1,2011-03-31,66.8
Arizona,AZ,2011,2,2011-06-30,65.3
Arizona,AZ,2011,3,2011-09-30,65.7
Arizona,AZ,2011,4,2011-12-31,66.2
Arizona,AZ,2012,1,2012-03-31,65.9
Arizona,AZ,2012,2,2012-06-30,64.7
Arizona,AZ,2012,3,2012-09-30,65.7
Arizona,AZ,2012,4,2012-12-31,64.8
Arizona,AZ,2013,1,2013-03-31,66.8
Arizona,AZ,2013,2,2013-06-30,64.9
Arizona,AZ,2013,3,2013-09-30,64.0
Arizona,AZ,2013,4,2013-12-31,64.9
Arizona,AZ,2014,1,2014-03-31,64.8
Arizona,AZ,2014,2,2014-06-30,64.2
Arizona,AZ,2014,3,2014-09-30,63.2
Arizona,AZ,2014,4,2014-12-31,61.8
Arizona,AZ,2015,1,2015-03-31,62.6
Arizona,AZ,2015,2,2015-06-30,62.8
Arizona,AZ,2015,3,2015-09-30,60.5
Arizona,AZ,2015,4,2015-12-31,61.0
Arizona,AZ,2016,1,2016-03-31,61.3
Arizona,AZ,2016,2,2016-06-30,62.1
Arizona,AZ,2016,3,2016-09-30,62.1
Arizona,AZ,2016,4,2016-12-31,62.2
Arizona,AZ,2017,1,2017-03-31,62.4
Arizona,AZ,2017,2,2017-06-30,62.6
Arizona,AZ,2017,3,2017-09-30,64.9
Arizona,AZ,2017,4,2017-12-31,67.5
Arizona,AZ,2018,1,2018-03-31,64.5
Arizona,AZ,2018,2,2018-06-30,64.9
Arizona,AZ,2018,3,2018-09-30,66.5
Arizona,AZ,2018,4,2018-12-31,66.8
Arizona,AZ,2019,1,2019-03-31,64.1
Arizona,AZ,2019,2,2019-06-30,67.4
Arizona,AZ,2019,3,2019-09-30,66.9
Arizona,AZ,2019,4,2019-12-31,64.9
Arizona,AZ,2020,1,2020-03-31,64.0
Arizona,AZ,2020,2,2020-06-30,71.7
Arizona,AZ,2020,3,2020-09-30,71.0
Arizona,AZ,2020,4,2020-12-31,68.2
Arizona,AZ,2021,1,2021-03-31,64.5
Arizona,AZ,2021,2,2021-06-30,65.8
Arizona,AZ,2021,3,2021-09-30,64.1
Arizona,AZ,2021,4,2021-12-31,66.5
Arizona,AZ,2022,1,2022-03-31,66.4
Arizona,AZ,2022,2,2022-06-30,67.2
Arizona,AZ,2022,3,2022-09-30,70.3
Arizona,AZ,2022,4,2022-12-31,68.5
Arizona,AZ,2023,1,2023-03-31,70.0
Arizona,AZ,2023,2,2023-06-30,70.7
Arizona,AZ,2023,3,2023-09-30,71.3
Arizona,AZ,2023,4,2023-12-31,67.0
Arizona,AZ,2024,1,2024-03-31,70.1
Arizona,AZ,2024,2,2024-06-30,69.2
Arizona,AZ,2024,3,2024-09-30,70.0
Arizona,AZ,2024,4,2024-12-31,67.2
Arizona,AZ,2025,1,2025-03-31,69.5
Arizona,AZ,2025,2,2025-06-30,72.3
Arizona,AZ,2025,3,2025-09-30,68.5
Arizona,AZ,2025,4,2025-12-31,67.7
California,CA,2010,1,2010-03-31,56.5
California,CA,2010,2,2010-06-30,56.3
California,CA,2010,3,2010-09-30,56.2
California,CA,2010,4,2010-12-31,55.4
California,CA,2011,1,2011-03-31,55.3
California,CA,2011,2,2011-06-30,55.2
California,CA,2011,3,2011-09-30,55.9
California,CA,2011,4,2011-12-31,54.8
California,CA,2012,1,2012-03-31,54.4
California,CA,2012,2,2012-06-30,54.7
California,CA,2012,3,2012-09-30,54.9
California,CA,2012,4,2012-12-31,54.1
California,CA,2013,1,2013-03-31,54.2
California,CA,2013,2,2013-06-30,54.0
California,CA,2013,3,2013-09-30,54.4
California,CA,2013,4,2013-12-31,54.6
California,CA,2014,1,2014-03-31,54.5
California,CA,2014,2,2014-06-30,54.9
California,CA,2014,3,2014-09-30,54.3
California,CA,2014,4,2014-12-31,53.2
California,CA,2015,1,2015-03-31,54.6
California,CA,2015,2,2015-06-30,54.4
California,CA,2015,3,2015-09-30,54.0
California,CA,2015,4,2015-12-31,54.1
California,CA,2016,1,2016-03-31,54.1
California,CA,2016,2,2016-06-30,53.4
California,CA,2016,3,2016-09-30,53.2
California,CA,2016,4,2016-12-31,54.6
California,CA,2017,1,2017-03-31,55.1
California,CA,2017,2,2017-06-30,53.8
California,CA,2017,3,2017-09-30,53.5
California,CA,2017,4,2017-12-31,55.1
California,CA,2018,1,2018-03-31,55.2
California,CA,2018,2,2018-06-30,54.3
California,CA,2018,3,2018-09-30,55.2
California,CA,2018,4,2018-12-31,56.0
California,CA,2019,1,2019-03-31,54.0
California,CA,2019,2,2019-06-30,53.2
California,CA,2019,3,2019-09-30,56.3
California,CA,2019,4,2019-12-31,55.8
California,CA,2020,1,2020-03-31,54.4
California,CA,2020,2,2020-06-30,56.4
California,CA,2020,3,2020-09-30,57.2
California,CA,2020,4,2020-12-31,55.6
California,CA,2021,1,2021-03-31,54.4
California,CA,2021,2,2021-06-30,53.9
California,CA,2021,3,2021-09-30,54.4
California,CA,2021,4,2021-12-31,54.3
California,CA,2022,1,2022-03-31,54.2
California,CA,2022,2,2022-06-30,54.6
California,CA,2022,3,2022-09-30,55.7
California,CA,2022,4,2022-12-31,56.6
California,CA,2023,1,2023-03-31,55.3
California,CA,2023,2,2023-06-30,55.3
California,CA,2023,3,2023-09-30,56.8
California,CA,2023,4,2023-12-31,56.0
California,CA,2024,1,2024-03-31,55.5
California,CA,2024,2,2024-06-30,55.3
California,CA,2024,3,2024-09-30,55.0
California,CA,2024,4,2024-12-31,55.5
California,CA,2025,1,2025-03-31,55.6
California,CA,2025,2,2025-06-30,55.3
California,CA,2025,3,2025-09-30,55.0
California,CA,2025,4,2025-12-31,55.3
Colorado,CO,2010,1,2010-03-31,68.3
Colorado,CO,2010,2,2010-06-30,68.5
Colorado,CO,2010,3,2010-09-30,69.1
Colorado,CO,2010,4,2010-12-31,68.2
Colorado,CO,2011,1,2011-03-31,65.0
Colorado,CO,2011,2,2011-06-30,66.0
Colorado,CO,2011,3,2011-09-30,67.6
Colorado,CO,2011,4,2011-12-31,64.9
Colorado,CO,2012,1,2012-03-31,64.5
Colorado,CO,2012,2,2012-06-30,65.2
Colorado,CO,2012,3,2012-09-30,66.6
Colorado,CO,2012,4,2012-12-31,64.9
Colorado,CO,2013,1,2013-03-31,63.7
Colorado,CO,2013,2,2013-06-30,64.8
Colorado,CO,2013,3,2013-09-30,64.9
Colorado,CO,2013,4,2013-12-31,64.4
Colorado,CO,2014,1,2014-03-31,65.1
Colorado,CO,2014,2,2014-06-30,64.7
Colorado,CO,2014,3,2014-09-30,65.4
Colorado,CO,2014,4,2014-12-31,64.8
Colorado,CO,2015,1,2015-03-31,59.4
Colorado,CO,2015,2,2015-06-30,62.6
Colorado,CO,2015,3,2015-09-30,66.1
Colorado,CO,2015,4,2015-12-31,66.3
Colorado,CO,2016,1,2016-03-31,61.6
Colorado,CO,2016,2,2016-06-30,62.0
Colorado,CO,2016,3,2016-09-30,63.5
Colorado,CO,2016,4,2016-12-31,62.5
Colorado,CO,2017,1,2017-03-31,61.4
Colorado,CO,2017,2,2017-06-30,66.6
Colorado,CO,2017,3,2017-09-30,64.9
Colorado,CO,2017,4,2017-12-31,62.0
Colorado,CO,2018,1,2018-03-31,59.8
Colorado,CO,2018,2,2018-06-30,65.9
Colorado,CO,2018,3,2018-09-30,65.5
Colorado,CO,2018,4,2018-12-31,66.3
Colorado,CO,2019,1,2019-03-31,66.6
Colorado,CO,2019,2,2019-06-30,65.1
Colorado,CO,2019,3,2019-09-30,64.5
Colorado,CO,2019,4,2019-12-31,62.8
Colorado,CO,2020,1,2020-03-31,63.7
Colorado,CO,2020,2,2020-06-30,66.0
Colorado,CO,2020,3,2020-09-30,66.3
Colorado,CO,2020,4,2020-12-31,63.6
Colorado,CO,2021,1,2021-03-31,63.6
Colorado,CO,2021,2,2021-06-30,64.9
Colorado,CO,2021,3,2021-09-30,66.1
Colorado,CO,2021,4,2021-12-31,69.0
Colorado,CO,2022,1,2022-03-31,67.0
Colorado,CO,2022,2,2022-06-30,66.3
Colorado,CO,2022,3,2022-09-30,66.7
Colorado,CO,2022,4,2022-12-31,69.7
Colorado,CO,2023,1,2023-03-31,69.4
Colorado,CO,2023,2,2023-06-30,70.2
Colorado,CO,2023,3,2023-09-30,66.4
Colorado,CO,2023,4,2023-12-31,62.7
Colorado,CO,2024,1,2024-03-31,66.6
Colorado,CO,2024,2,2024-06-30,67.3
Colorado,CO,2024,3,2024-09-30,67.8
Colorado,CO,2024,4,2024-12-31,61.3
Colorado,CO,2025,1,2025-03-31,62.8
Colorado,CO,2025,2,2025-06-30,62.4
Colorado,CO,2025,3,2025-09-30,64.0
Colorado,CO,2025,4,2025-12-31,62.3
Connecticut,CT,2010,1,2010-03-31,72.3
Connecticut,CT,2010,2,2010-06-30,71.0
Connecticut,CT,2010,3,2010-09-30,69.4
Connecticut,CT,2010,4,2010-12-31,70.5
Connecticut,CT,2011,1,2011-03-31,70.7
Connecticut,CT,2011,2,2011-06-30,72.2
Connecticut,CT,2011,3,2011-09-30,70.2
Connecticut,CT,2011,4,2011-12-31,69.4
Connecticut,CT,2012,1,2012-03-31,67.2
Connecticut,CT,2012,2,2012-06-30,69.6
Connecticut,CT,2012,3,2012-09-30,69.6
Connecticut,CT,2012,4,2012-12-31,68.9
Connecticut,CT,2013,1,2013-03-31,67.1
Connecticut,CT,2013,2,2013-06-30,69.1
Connecticut,CT,2013,3,2013-09-30,69.1
Connecticut,CT,2013,4,2013-12-31,68.5
Connecticut,CT,2014,1,2014-03-31,69.1
Connecticut,CT,2014,2,2014-06-30,68.5
Connecticut,CT,2014,3,2014-09-30,65.4
Connecticut,CT,2014,4,2014-12-31,66.5
Connecticut,CT,2015,1,2015-03-31,66.0
Connecticut,CT,2015,2,2015-06-30,67.2
Connecticut,CT,2015,3,2015-09-30,65.1
Connecticut,CT,2015,4,2015-12-31,67.7
Connecticut,CT,2016,1,2016-03-31,64.0
Connecticut,CT,2016,2,2016-06-30,61.7
Connecticut,CT,2016,3,2016-09-30,65.0
Connecticut,CT,2016,4,2016-12-31,65.9
Connecticut,CT,2017,1,2017-03-31,66.5
Connecticut,CT,2017,2,2017-06-30,66.4
Connecticut,CT,2017,3,2017-09-30,67.7
Connecticut,CT,2017,4,2017-12-31,63.9
Connecticut,CT,2018,1,2018-03-31,65.2
Connecticut,CT,2018,2,2018-06-30,66.5
Connecticut,CT,2018,3,2018-09-30,66.7
Connecticut,CT,2018,4,2018-12-31,62.6
Connecticut,CT,2019,1,2019-03-31,62.1
Connecticut,CT,2019,2,2019-06-30,62.0
Connecticut,CT,2019,3,2019-09-30,66.5
Connecticut,CT,2019,4,2019-12-31,66.4
Connecticut,CT,2020,1,2020-03-31,66.3
Connecticut,CT,2020,2,2020-06-30,66.7
Connecticut,CT,2020,3,2020-09-30,67.3
Connecticut,CT,2020,4,2020-12-31,67.1
Connecticut,CT,2021,1,2021-03-31,66.1
Connecticut,CT,2021,2,2021-06-30,65.7
Connecticut,CT,2021,3,2021-09-30,64.5
Connecticut,CT,2021,4,2021-12-31,68.3
Connecticut,CT,2022,1,2022-03-31,63.9
Connecticut,CT,2022,2,2022-06-30,63.0
Connecticut,CT,2022,3,2022-09-30,63.8
Connecticut,CT,2022,4,2022-12-31,68.5
Connecticut,CT,2023,1,2023-03-31,69.0
Connecticut,CT,2023,2,2023-06-30,66.8
Connecticut,CT,2023,3,2023-09-30,68.2
Connecticut,CT,2023,4,2023-12-31,68.9
Connecticut,CT,2024,1,2024-03-31,70.1
Connecticut,CT,2024,2,2024-06-30,70.5
Connecticut,CT,2024,3,2024-09-30,66.6
Connecticut,CT,2024,4,2024-12-31,68.0
Connecticut,CT,2025,1,2025-03-31,66.5
Connecticut,CT,2025,2,2025-06-30,67.8
Connecticut,CT,2025,3,2025-09-30,65.3
Connecticut,CT,2025,4,2025-12-31,66.8
District of Columbia,DC,2010,1,2010-03-31,45.4
District of Columbia,DC,2010,2,2010-06-30,44.7
District of Columbia,DC,2010,3,2010-09-30,45.1
District of Columbia,DC,2010,4,2010-12-31,47.3
District of Columbia,DC,2011,1,2011-03-31,46.6
District of Columbia,DC,2011,2,2011-06-30,44.7
District of Columbia,DC,2011,3,2011-09-30,44.3
District of Columbia,DC,2011,4,2011-12-31,43.7
District of Columbia,DC,2012,1,2012-03-31,45.7
District of Columbia,DC,2012,2,2012-06-30,45.0
District of Columbia,DC,2012,3,2012-09-30,44.4
District of Columbia,DC,2012,4,2012-12-31,44.8
District of Columbia,DC,2013,1,2013-03-31,44.7
District of Columbia,DC,2013,2,2013-06-30,45.3
District of Columbia,DC,2013,3,2013-09-30,43.3
District of Columbia,DC,2013,4,2013-12-31,45.0
District of Columbia,DC,2014,1,2014-03-31,41.3
District of Columbia,DC,2014,2,2014-06-30,41.1
District of Columbia,DC,2014,3,2014-09-30,42.5
District of Columbia,DC,2014,4,2014-12-31,41.2
District of Columbia,DC,2015,1,2015-03-31,38.2
District of Columbia,DC,2015,2,2015-06-30,39.9
District of Columbia,DC,2015,3,2015-09-30,41.6
District of Columbia,DC,2015,4,2015-12-31,41.9
District of Columbia,DC,2016,1,2016-03-31,40.5
District of Columbia,DC,2016,2,2016-06-30,39.7
District of Columbia,DC,2016,3,2016-09-30,41.5
District of Columbia,DC,2016,4,2016-12-31,41.7
District of Columbia,DC,2017,1,2017-03-31,41.9
District of Columbia,DC,2017,2,2017-06-30,39.2
District of Columbia,DC,2017,3,2017-09-30,40.1
District of Columbia,DC,2017,4,2017-12-31,39.8
District of Columbia,DC,2018,1,2018-03-31,39.8
District of Columbia,DC,2018,2,2018-06-30,40.1
District of Columbia,DC,2018,3,2018-09-30,40.9
District of Columbia,DC,2018,4,2018-12-31,38.7
District of Columbia,DC,2019,1,2019-03-31,38.4
District of Columbia,DC,2019,2,2019-06-30,39.4
District of Columbia,DC,2019,3,2019-09-30,40.2
District of Columbia,DC,2019,4,2019-12-31,42.8
District of Columbia,DC,2020,1,2020-03-31,40.8
District of Columbia,DC,2020,2,2020-06-30,42.5
District of Columbia,DC,2020,3,2020-09-30,43.4
District of Columbia,DC,2020,4,2020-12-31,43.3
District of Columbia,DC,2021,1,2021-03-31,40.4
District of Columbia,DC,2021,2,2021-06-30,40.2
District of Columbia,DC,2021,3,2021-09-30,45.8
District of Columbia,DC,2021,4,2021-12-31,42.6
District of Columbia,DC,2022,1,2022-03-31,40.3
District of Columbia,DC,2022,2,2022-06-30,44.7
District of Columbia,DC,2022,3,2022-09-30,44.2
District of Columbia,DC,2022,4,2022-12-31,39.9
District of Columbia,DC,2023,1,2023-03-31,40.9
District of Columbia,DC,2023,2,2023-06-30,43.9
District of Columbia,DC,2023,3,2023-09-30,37.9
District of Columbia,DC,2023,4,2023-12-31,38.2
District of Columbia,DC,2024,1,2024-03-31,39.7
District of Columbia,DC,2024,2,2024-06-30,41.4
District of Columbia,DC,2024,3,2024-09-30,39.1
District of Columbia,DC,2024,4,2024-12-31,40.4
District of Columbia,DC,2025,1,2025-03-31,41.2
District of Columbia,DC,2025,2,2025-06-30,42.4
District of Columbia,DC,2025,3,2025-09-30,37.3
District of Columbia,DC,2025,4,2025-12-31,40.1
Delaware,DE,2010,1,2010-03-31,74.5
Delaware,DE,2010,2,2010-06-30,74.0
Delaware,DE,2010,3,2010-09-30,75.8
Delaware,DE,2010,4,2010-12-31,74.5
Delaware,DE,2011,1,2011-03-31,74.0
Delaware,DE,2011,2,2011-06-30,72.9
Delaware,DE,2011,3,2011-09-30,74.9
Delaware,DE,2011,4,2011-12-31,74.8
Delaware,DE,2012,1,2012-03-31,74.1
Delaware,DE,2012,2,2012-06-30,71.4
Delaware,DE,2012,3,2012-09-30,72.5
Delaware,DE,2012,4,2012-12-31,75.8
Delaware,DE,2013,1,2013-03-31,75.4
Delaware,DE,2013,2,2013-06-30,73.8
Delaware,DE,2013,3,2013-09-30,73.2
Delaware,DE,2013,4,2013-12-31,74.2
Delaware,DE,2014,1,2014-03-31,74.5
Delaware,DE,2014,2,2014-06-30,75.6
Delaware,DE,2014,3,2014-09-30,72.8
Delaware,DE,2014,4,2014-12-31,74.3
Delaware,DE,2015,1,2015-03-31,72.8
Delaware,DE,2015,2,2015-06-30,74.7
Delaware,DE,2015,3,2015-09-30,74.4
Delaware,DE,2015,4,2015-12-31,71.3
Delaware,DE,2016,1,2016-03-31,71.2
Delaware,DE,2016,2,2016-06-30,71.4
Delaware,DE,2016,3,2016-09-30,75.3
Delaware,DE,2016,4,2016-12-31,74.0
Delaware,DE,2017,1,2017-03-31,68.5
Delaware,DE,2017,2,2017-06-30,68.7
Delaware,DE,2017,3,2017-09-30,73.4
Delaware,DE,2017,4,2017-12-31,69.4
Delaware,DE,2018,1,2018-03-31,70.9
Delaware,DE,2018,2,2018-06-30,70.1
Delaware,DE,2018,3,2018-09-30,71.1
Delaware,DE,2018,4,2018-12-31,70.9
Delaware,DE,2019,1,2019-03-31,73.8
Delaware,DE,2019,2,2019-06-30,72.0
Delaware,DE,2019,3,2019-09-30,71.9
Delaware,DE,2019,4,2019-12-31,74.7
Delaware,DE,2020,1,2020-03-31,79.8
Delaware,DE,2020,2,2020-06-30,81.3
Delaware,DE,2020,3,2020-09-30,75.6
Delaware,DE,2020,4,2020-12-31,74.6
Delaware,DE,2021,1,2021-03-31,72.7
Delaware,DE,2021,2,2021-06-30,72.7
Delaware,DE,2021,3,2021-09-30,72.3
Delaware,DE,2021,4,2021-12-31,76.2
Delaware,DE,2022,1,2022-03-31,75.6
Delaware,DE,2022,2,2022-06-30,72.6
Delaware,DE,2022,3,2022-09-30,73.0
Delaware,DE,2022,4,2022-12-31,78.4
Delaware,DE,2023,1,2023-03-31,76.1
Delaware,DE,2023,2,2023-06-30,79.1
Delaware,DE,2023,3,2023-09-30,71.6
Delaware,DE,2023,4,2023-12-31,76.2
Delaware,DE,2024,1,2024-03-31,76.2
Delaware,DE,2024,2,2024-06-30,76.2
Delaware,DE,2024,3,2024-09-30,72.5
Delaware,DE,2024,4,2024-12-31,75.7
Delaware,DE,2025,1,2025-03-31,76.1
Delaware,DE,2025,2,2025-06-30,76.8
Delaware,DE,2025,3,2025-09-30,73.1
Delaware,DE,2025,4,2025-12-31,75.8
Florida,FL,2010,1,2010-03-31,70.8
Florida,FL,2010,2,2010-06-30,69.8
Florida,FL,2010,3,2010-09-30,68.3
Florida,FL,2010,4,2010-12-31,68.0
Florida,FL,2011,1,2011-03-31,69.2
Florida,FL,2011,2,2011-06-30,68.9
Florida,FL,2011,3,2011-09-30,69.5
Florida,FL,2011,4,2011-12-31,68.3
Florida,FL,2012,1,2012-03-31,67.8
Florida,FL,2012,2,2012-06-30,67.6
Florida,FL,2012,3,2012-09-30,66.5
Florida,FL,2012,4,2012-12-31,66.2
Florida,FL,2013,1,2013-03-31,66.8
Florida,FL,2013,2,2013-06-30,66.0
Florida,FL,2013,3,2013-09-30,65.3
Florida,FL,2013,4,2013-12-31,66.5
Florida,FL,2014,1,2014-03-31,66.9
Florida,FL,2014,2,2014-06-30,65.3
Florida,FL,2014,3,2014-09-30,62.4
Florida,FL,2014,4,2014-12-31,64.8
Florida,FL,2015,1,2015-03-31,65.5
Florida,FL,2015,2,2015-06-30,64.6
Florida,FL,2015,3,2015-09-30,64.1
Florida,FL,2015,4,2015-12-31,64.9
Florida,FL,2016,1,2016-03-31,64.7
Florida,FL,2016,2,2016-06-30,63.8
Florida,FL,2016,3,2016-09-30,64.2
Florida,FL,2016,4,2016-12-31,64.7
Florida,FL,2017,1,2017-03-31,64.6
Florida,FL,2017,2,2017-06-30,63.6
Florida,FL,2017,3,2017-09-30,63.8
Florida,FL,2017,4,2017-12-31,64.5
Florida,FL,2018,1,2018-03-31,65.5
Florida,FL,2018,2,2018-06-30,65.1
Florida,FL,2018,3,2018-09-30,64.4
Florida,FL,2018,4,2018-12-31,67.1
Florida,FL,2019,1,2019-03-31,66.6
Florida,FL,2019,2,2019-06-30,64.5
Florida,FL,2019,3,2019-09-30,65.5
Florida,FL,2019,4,2019-12-31,67.5
Florida,FL,2020,1,2020-03-31,67.9
Florida,FL,2020,2,2020-06-30,70.1
Florida,FL,2020,3,2020-09-30,69.7
Florida,FL,2020,4,2020-12-31,67.0
Florida,FL,2021,1,2021-03-31,68.1
Florida,FL,2021,2,2021-06-30,67.0
Florida,FL,2021,3,2021-09-30,67.1
Florida,FL,2021,4,2021-12-31,66.5
Florida,FL,2022,1,2022-03-31,67.3
Florida,FL,2022,2,2022-06-30,67.9
Florida,FL,2022,3,2022-09-30,68.4
Florida,FL,2022,4,2022-12-31,65.7
Florida,FL,2023,1,2023-03-31,66.6
Florida,FL,2023,2,2023-06-30,68.0
Florida,FL,2023,3,2023-09-30,67.0
Florida,FL,2023,4,2023-12-31,67.7
Florida,FL,2024,1,2024-03-31,69.7
Florida,FL,2024,2,2024-06-30,69.1
Florida,FL,2024,3,2024-09-30,67.7
Florida,FL,2024,4,2024-12-31,67.3
Florida,FL,2025,1,2025-03-31,68.2
Florida,FL,2025,2,2025-06-30,65.5
Florida,FL,2025,3,2025-09-30,65.5
Florida,FL,2025,4,2025-12-31,65.4
Illinois,IL,2010,1,2010-03-31,68.1
Illinois,IL,2010,2,2010-06-30,69.9
Illinois,IL,2010,3,2010-09-30,68.7
Illinois,IL,2010,4,2010-12-31,68.3
Illinois,IL,2011,1,2011-03-31,68.4
Illinois,IL,2011,2,2011-06-30,68.7
Illinois,IL,2011,3,2011-09-30,68.9
Illinois,IL,2011,4,2011-12-31,67.6
Illinois,IL,2012,1,2012-03-31,67.0
Illinois,IL,2012,2,2012-06-30,66.5
Illinois,IL,2012,3,2012-09-30,66.7
Illinois,IL,2012,4,2012-12-31,67.2
Illinois,IL,2013,1,2013-03-31,67.2
Illinois,IL,2013,2,2013-06-30,65.5
Illinois,IL,2013,3,2013-09-30,67.9
Illinois,IL,2013,4,2013-12-31,68.1
Illinois,IL,2014,1,2014-03-31,67.3
Illinois,IL,2014,2,2014-06-30,66.4
Illinois,IL,2014,3,2014-09-30,67.2
Illinois,IL,2014,4,2014-12-31,64.8
Illinois,IL,2015,1,2015-03-31,65.6
Illinois,IL,2015,2,2015-06-30,67.0
Illinois,IL,2015,3,2015-09-30,65.2
Illinois,IL,2015,4,2015-12-31,63.8
Illinois,IL,2016,1,2016-03-31,65.8
Illinois,IL,2016,2,2016-06-30,64.6
Illinois,IL,2016,3,2016-09-30,65.3
Illinois,IL,2016,4,2016-12-31,65.6
Illinois,IL,2017,1,2017-03-31,65.3
Illinois,IL,2017,2,2017-06-30,64.2
Illinois,IL,2017,3,2017-09-30,66.3
Illinois,IL,2017,4,2017-12-31,65.8
Illinois,IL,2018,1,2018-03-31,67.0
Illinois,IL,2018,2,2018-06-30,66.4
Illinois,IL,2018,3,2018-09-30,64.8
Illinois,IL,2018,4,2018-12-31,65.8
Illinois,IL,2019,1,2019-03-31,65.3
Illinois,IL,2019,2,2019-06-30,63.4
Illinois,IL,2019,3,2019-09-30,64.4
Illinois,IL,2019,4,2019-12-31,67.6
Illinois,IL,2020,1,2020-03-31,66.9
Illinois,IL,2020,2,2020-06-30,66.1
Illinois,IL,2020,3,2020-09-30,67.1
Illinois,IL,2020,4,2020-12-31,69.2
Illinois,IL,2021,1,2021-03-31,67.8
Illinois,IL,2021,2,2021-06-30,68.1
Illinois,IL,2021,3,2021-09-30,68.7
Illinois,IL,2021,4,2021-12-31,68.6
Illinois,IL,2022,1,2022-03-31,68.0
Illinois,IL,2022,2,2022-06-30,66.8
Illinois,IL,2022,3,2022-09-30,63.7
Illinois,IL,2022,4,2022-12-31,68.2
Illinois,IL,2023,1,2023-03-31,69.6
Illinois,IL,2023,2,2023-06-30,67.9
Illinois,IL,2023,3,2023-09-30,66.7
Illinois,IL,2023,4,2023-12-31,66.8
Illinois,IL,2024,1,2024-03-31,66.7
Illinois,IL,2024,2,2024-06-30,69.0
Illinois,IL,2024,3,2024-09-30,69.0
Illinois,IL,2024,4,2024-12-31,69.2
Illinois,IL,2025,1,2025-03-31,65.6
Illinois,IL,2025,2,2025-06-30,67.0
Illinois,IL,2025,3,2025-09-30,65.0
Illinois,IL,2025,4,2025-12-31,68.4
Massachusetts,MA,2010,1,2010-03-31,63.8
Massachusetts,MA,2010,2,2010-06-30,65.0
Massachusetts,MA,2010,3,2010-09-30,67.1
Massachusetts,MA,2010,4,2010-12-31,65.6
Massachusetts,MA,2011,1,2011-03-31,65.5
Massachusetts,MA,2011,2,2011-06-30,63.6
Massachusetts,MA,2011,3,2011-09-30,65.1
Massachusetts,MA,2011,4,2011-12-31,67.0
Massachusetts,MA,2012,1,2012-03-31,66.2
Massachusetts,MA,2012,2,2012-06-30,67.1
Massachusetts,MA,2012,3,2012-09-30,64.4
Massachusetts,MA,2012,4,2012-12-31,65.6
Massachusetts,MA,2013,1,2013-03-31,66.2
Massachusetts,MA,2013,2,2013-06-30,66.5
Massachusetts,MA,2013,3,2013-09-30,65.7
Massachusetts,MA,2013,4,2013-12-31,62.7
Massachusetts,MA,2014,1,2014-03-31,62.2
Massachusetts,MA,2014,2,2014-06-30,62.4
Massachusetts,MA,2014,3,2014-09-30,64.7
Massachusetts,MA,2014,4,2014-12-31,62.7
Massachusetts,MA,2015,1,2015-03-31,61.7
Massachusetts,MA,2015,2,2015-06-30,59.9
Massachusetts,MA,2015,3,2015-09-30,59.7
Massachusetts,MA,2015,4,2015-12-31,60.7
Massachusetts,MA,2016,1,2016-03-31,62.1
Massachusetts,MA,2016,2,2016-06-30,56.6
Massachusetts,MA,2016,3,2016-09-30,58.8
Massachusetts,MA,2016,4,2016-12-31,61.6
Massachusetts,MA,2017,1,2017-03-31,62.1
Massachusetts,MA,2017,2,2017-06-30,59.2
Massachusetts,MA,2017,3,2017-09-30,58.9
Massachusetts,MA,2017,4,2017-12-31,59.7
Massachusetts,MA,2018,1,2018-03-31,60.5
Massachusetts,MA,2018,2,2018-06-30,62.1
Massachusetts,MA,2018,3,2018-09-30,62.2
Massachusetts,MA,2018,4,2018-12-31,61.1
Massachusetts,MA,2019,1,2019-03-31,61.4
Massachusetts,MA,2019,2,2019-06-30,62.2
Massachusetts,MA,2019,3,2019-09-30,60.4
Massachusetts,MA,2019,4,2019-12-31,61.3
Massachusetts,MA,2020,1,2020-03-31,63.1
Massachusetts,MA,2020,2,2020-06-30,63.5
Massachusetts,MA,2020,3,2020-09-30,62.9
Massachusetts,MA,2020,4,2020-12-31,61.2
Massachusetts,MA,2021,1,2021-03-31,62.3
Massachusetts,MA,2021,2,2021-06-30,62.1
Massachusetts,MA,2021,3,2021-09-30,61.4
Massachusetts,MA,2021,4,2021-12-31,62.0
Massachusetts,MA,2022,1,2022-03-31,60.0
Massachusetts,MA,2022,2,2022-06-30,61.6
Massachusetts,MA,2022,3,2022-09-30,60.9
Massachusetts,MA,2022,4,2022-12-31,62.1
Massachusetts,MA,2023,1,2023-03-31,62.6
Massachusetts,MA,2023,2,2023-06-30,61.9
Massachusetts,MA,2023,3,2023-09-30,60.3
Massachusetts,MA,2023,4,2023-12-31,62.8
Massachusetts,MA,2024,1,2024-03-31,62.7
Massachusetts,MA,2024,2,2024-06-30,65.4
Massachusetts,MA,2024,3,2024-09-30,62.3
Massachusetts,MA,2024,4,2024-12-31,61.2
Massachusetts,MA,2025,1,2025-03-31,61.1
Massachusetts,MA,2025,2,2025-06-30,62.6
Massachusetts,MA,2025,3,2025-09-30,63.6
Massachusetts,MA,2025,4,2025-12-31,62.3
Maryland,MD,2010,1,2010-03-31,69.4
Maryland,MD,2010,2,2010-06-30,69.0
Maryland,MD,2010,3,2010-09-30,68.8
Maryland,MD,2010,4,2010-12-31,68.5
Maryland,MD,2011,1,2011-03-31,68.6
Maryland,MD,2011,2,2011-06-30,69.3
Maryland,MD,2011,3,2011-09-30,70.5
Maryland,MD,2011,4,2011-12-31,70.4
Maryland,MD,2012,1,2012-03-31,69.3
Maryland,MD,2012,2,2012-06-30,67.7
Maryland,MD,2012,3,2012-09-30,68.2
Maryland,MD,2012,4,2012-12-31,68.7
Maryland,MD,2013,1,2013-03-31,67.2
Maryland,MD,2013,2,2013-06-30,66.4
Maryland,MD,2013,3,2013-09-30,66.4
Maryland,MD,2013,4,2013-12-31,67.6
Maryland,MD,2014,1,2014-03-31,67.2
Maryland,MD,2014,2,2014-06-30,66.0
Maryland,MD,2014,3,2014-09-30,66.7
Maryland,MD,2014,4,2014-12-31,65.0
Maryland,MD,2015,1,2015-03-31,64.7
Maryland,MD,2015,2,2015-06-30,69.0
Maryland,MD,2015,3,2015-09-30,67.3
Maryland,MD,2015,4,2015-12-31,67.4
Maryland,MD,2016,1,2016-03-31,66.8
Maryland,MD,2016,2,2016-06-30,67.2
Maryland,MD,2016,3,2016-09-30,66.6
Maryland,MD,2016,4,2016-12-31,65.6
Maryland,MD,2017,1,2017-03-31,66.1
Maryland,MD,2017,2,2017-06-30,66.2
Maryland,MD,2017,3,2017-09-30,68.8
Maryland,MD,2017,4,2017-12-31,66.6
Maryland,MD,2018,1,2018-03-31,67.9
Maryland,MD,2018,2,2018-06-30,64.4
Maryland,MD,2018,3,2018-09-30,67.4
Maryland,MD,2018,4,2018-12-31,66.5
Maryland,MD,2019,1,2019-03-31,65.7
Maryland,MD,2019,2,2019-06-30,68.5
Maryland,MD,2019,3,2019-09-30,70.7
Maryland,MD,2019,4,2019-12-31,70.2
Maryland,MD,2020,1,2020-03-31,71.1
Maryland,MD,2020,2,2020-06-30,74.7
Maryland,MD,2020,3,2020-09-30,71.1
Maryland,MD,2020,4,2020-12-31,71.0
Maryland,MD,2021,1,2021-03-31,69.6
Maryland,MD,2021,2,2021-06-30,69.1
Maryland,MD,2021,3,2021-09-30,70.7
Maryland,MD,2021,4,2021-12-31,69.4
Maryland,MD,2022,1,2022-03-31,74.0
Maryland,MD,2022,2,2022-06-30,72.9
Maryland,MD,2022,3,2022-09-30,70.4
Maryland,MD,2022,4,2022-12-31,70.1
Maryland,MD,2023,1,2023-03-31,71.8
Maryland,MD,2023,2,2023-06-30,70.9
Maryland,MD,2023,3,2023-09-30,70.8
Maryland,MD,2023,4,2023-12-31,72.9
Maryland,MD,2024,1,2024-03-31,69.9
Maryland,MD,2024,2,2024-06-30,68.0
Maryland,MD,2024,3,2024-09-30,67.9
Maryland,MD,2024,4,2024-12-31,68.1
Maryland,MD,2025,1,2025-03-31,68.4
Maryland,MD,2025,2,2025-06-30,69.0
Maryland,MD,2025,3,2025-09-30,69.9
Maryland,MD,2025,4,2025-12-31,67.7
Maine,ME,2010,1,2010-03-31,73.9
Maine,ME,2010,2,2010-06-30,73.3
Maine,ME,2010,3,2010-09-30,74.3
Maine,ME,2010,4,2010-12-31,73.8
Maine,ME,2011,1,2011-03-31,73.8
Maine,ME,2011,2,2011-06-30,74.7
Maine,ME,2011,3,2011-09-30,74.2
Maine,ME,2011,4,2011-12-31,72.9
Maine,ME,2012,1,2012-03-31,72.9
Maine,ME,2012,2,2012-06-30,74.4
Maine,ME,2012,3,2012-09-30,75.0
Maine,ME,2012,4,2012-12-31,74.2
Maine,ME,2013,1,2013-03-31,73.6
Maine,ME,2013,2,2013-06-30,73.3
Maine,ME,2013,3,2013-09-30,73.8
Maine,ME,2013,4,2013-12-31,73.3
Maine,ME,2014,1,2014-03-31,71.0
Maine,ME,2014,2,2014-06-30,70.2
Maine,ME,2014,3,2014-09-30,72.1
Maine,ME,2014,4,2014-12-31,70.8
Maine,ME,2015,1,2015-03-31,71.7
Maine,ME,2015,2,2015-06-30,68.0
Maine,ME,2015,3,2015-09-30,69.3
Maine,ME,2015,4,2015-12-31,70.9
Maine,ME,2016,1,2016-03-31,71.1
Maine,ME,2016,2,2016-06-30,71.6
Maine,ME,2016,3,2016-09-30,74.6
Maine,ME,2016,4,2016-12-31,73.3
Maine,ME,2017,1,2017-03-31,69.4
Maine,ME,2017,2,2017-06-30,70.3
Maine,ME,2017,3,2017-09-30,70.6
Maine,ME,2017,4,2017-12-31,73.7
Maine,ME,2018,1,2018-03-31,69.4
Maine,ME,2018,2,2018-06-30,68.4
Maine,ME,2018,3,2018-09-30,70.9
Maine,ME,2018,4,2018-12-31,76.1
Maine,ME,2019,1,2019-03-31,73.5
Maine,ME,2019,2,2019-06-30,71.7
Maine,ME,2019,3,2019-09-30,74.4
Maine,ME,2019,4,2019-12-31,75.8
Maine,ME,2020,1,2020-03-31,74.7
Maine,ME,2020,2,2020-06-30,79.3
Maine,ME,2020,3,2020-09-30,78.2
Maine,ME,2020,4,2020-12-31,76.3
Maine,ME,2021,1,2021-03-31,75.3
Maine,ME,2021,2,2021-06-30,75.3
Maine,ME,2021,3,2021-09-30,75.7
Maine,ME,2021,4,2021-12-31,77.2
Maine,ME,2022,1,2022-03-31,75.6
Maine,ME,2022,2,2022-06-30,76.2
Maine,ME,2022,3,2022-09-30,74.5
Maine,ME,2022,4,2022-12-31,73.4
Maine,ME,2023,1,2023-03-31,77.0
Maine,ME,2023,2,2023-06-30,78.8
Maine,ME,2023,3,2023-09-30,73.1
Maine,ME,2023,4,2023-12-31,73.2
Maine,ME,2024,1,2024-03-31,77.2
Maine,ME,2024,2,2024-06-30,75.7
Maine,ME,2024,3,2024-09-30,70.2
Maine,ME,2024,4,2024-12-31,72.1
Maine,ME,2025,1,2025-03-31,77.2
Maine,ME,2025,2,2025-06-30,74.2
Maine,ME,2025,3,2025-09-30,73.7
Maine,ME,2025,4,2025-12-31,73.4
Minnesota,MN,2010,1,2010-03-31,72.9
Minnesota,MN,2010,2,2010-06-30,72.3
Minnesota,MN,2010,3,2010-09-30,74.3
Minnesota,MN,2010,4,2010-12-31,70.9
Minnesota,MN,2011,1,2011-03-31,69.4
Minnesota,MN,2011,2,2011-06-30,71.2
Minnesota,MN,2011,3,2011-09-30,73.1
Minnesota,MN,2011,4,2011-12-31,71.4
Minnesota,MN,2012,1,2012-03-31,70.4
Minnesota,MN,2012,2,2012-06-30,72.3
Minnesota,MN,2012,3,2012-09-30,73.3
Minnesota,MN,2012,4,2012-12-31,72.1
Minnesota,MN,2013,1,2013-03-31,73.0
Minnesota,MN,2013,2,2013-06-30,73.1
Minnesota,MN,2013,3,2013-09-30,73.4
Minnesota,MN,2013,4,2013-12-31,74.1
Minnesota,MN,2014,1,2014-03-31,73.3
Minnesota,MN,2014,2,2014-06-30,72.3
Minnesota,MN,2014,3,2014-09-30,70.0
Minnesota,MN,2014,4,2014-12-31,70.1
Minnesota,MN,2015,1,2015-03-31,72.7
Minnesota,MN,2015,2,2015-06-30,69.1
Minnesota,MN,2015,3,2015-09-30,68.0
Minnesota,MN,2015,4,2015-12-31,70.8
Minnesota,MN,2016,1,2016-03-31,74.5
Minnesota,MN,2016,2,2016-06-30,72.8
Minnesota,MN,2016,3,2016-09-30,71.3
Minnesota,MN,2016,4,2016-12-31,71.2
Minnesota,MN,2017,1,2017-03-31,73.4
Minnesota,MN,2017,2,2017-06-30,73.8
Minnesota,MN,2017,3,2017-09-30,72.8
Minnesota,MN,2017,4,2017-12-31,70.7
Minnesota,MN,2018,1,2018-03-31,67.6
Minnesota,MN,2018,2,2018-06-30,69.3
Minnesota,MN,2018,3,2018-09-30,71.4
Minnesota,MN,2018,4,2018-12-31,70.7
Minnesota,MN,2019,1,2019-03-31,69.4
Minnesota,MN,2019,2,2019-06-30,70.5
Minnesota,MN,2019,3,2019-09-30,73.4
Minnesota,MN,2019,4,2019-12-31,72.4
Minnesota,MN,2020,1,2020-03-31,72.3
Minnesota,MN,2020,2,2020-06-30,76.0
Minnesota,MN,2020,3,2020-09-30,75.1
Minnesota,MN,2020,4,2020-12-31,74.4
Minnesota,MN,2021,1,2021-03-31,73.4
Minnesota,MN,2021,2,2021-06-30,76.9
Minnesota,MN,2021,3,2021-09-30,75.0
Minnesota,MN,2021,4,2021-12-31,77.1
Minnesota,MN,2022,1,2022-03-31,74.1
Minnesota,MN,2022,2,2022-06-30,75.3
Minnesota,MN,2022,3,2022-09-30,73.9
Minnesota,MN,2022,4,2022-12-31,77.0
Minnesota,MN,2023,1,2023-03-31,73.4
Minnesota,MN,2023,2,2023-06-30,73.8
Minnesota,MN,2023,3,2023-09-30,74.8
Minnesota,MN,2023,4,2023-12-31,73.9
Minnesota,MN,2024,1,2024-03-31,71.8
Minnesota,MN,2024,2,2024-06-30,70.3
Minnesota,MN,2024,3,2024-09-30,71.0
Minnesota,MN,2024,4,2024-12-31,70.8
Minnesota,MN,2025,1,2025-03-31,72.1
Minnesota,MN,2025,2,2025-06-30,69.7
Minnesota,MN,2025,3,2025-09-30,71.1
Minnesota,MN,2025,4,2025-12-31,72.6
New Hampshire,NH,2010,1,2010-03-31,75.8
New Hampshire,NH,2010,2,2010-06-30,74.8
New Hampshire,NH,2010,3,2010-09-30,74.9
New Hampshire,NH,2010,4,2010-12-31,74.0
New Hampshire,NH,2011,1,2011-03-31,74.5
New Hampshire,NH,2011,2,2011-06-30,74.3
New Hampshire,NH,2011,3,2011-09-30,74.1
New Hampshire,NH,2011,4,2011-12-31,73.6
New Hampshire,NH,2012,1,2012-03-31,73.3
New Hampshire,NH,2012,2,2012-06-30,74.4
New Hampshire,NH,2012,3,2012-09-30,76.3
New Hampshire,NH,2012,4,2012-12-31,75.0
New Hampshire,NH,2013,1,2013-03-31,74.5
New Hampshire,NH,2013,2,2013-06-30,74.2
New Hampshire,NH,2013,3,2013-09-30,74.5
New Hampshire,NH,2013,4,2013-12-31,73.3
New Hampshire,NH,2014,1,2014-03-31,73.7
New Hampshire,NH,2014,2,2014-06-30,73.2
New Hampshire,NH,2014,3,2014-09-30,70.3
New Hampshire,NH,2014,4,2014-12-31,71.6
New Hampshire,NH,2015,1,2015-03-31,74.2
New Hampshire,NH,2015,2,2015-06-30,72.5
New Hampshire,NH,2015,3,2015-09-30,68.9
New Hampshire,NH,2015,4,2015-12-31,71.0
New Hampshire,NH,2016,1,2016-03-31,75.0
New Hampshire,NH,2016,2,2016-06-30,73.8
New Hampshire,NH,2016,3,2016-09-30,69.6
New Hampshire,NH,2016,4,2016-12-31,69.3
New Hampshire,NH,2017,1,2017-03-31,71.7
New Hampshire,NH,2017,2,2017-06-30,72.3
New Hampshire,NH,2017,3,2017-09-30,71.9
New Hampshire,NH,2017,4,2017-12-31,70.6
New Hampshire,NH,2018,1,2018-03-31,72.2
New Hampshire,NH,2018,2,2018-06-30,73.6
New Hampshire,NH,2018,3,2018-09-30,74.5
New Hampshire,NH,2018,4,2018-12-31,73.3
New Hampshire,NH,2019,1,2019-03-31,74.0
New Hampshire,NH,2019,2,2019-06-30,76.0
New Hampshire,NH,2019,3,2019-09-30,75.4
New Hampshire,NH,2019,4,2019-12-31,74.5
New Hampshire,NH,2020,1,2020-03-31,72.6
New Hampshire,NH,2020,2,2020-06-30,74.7
New Hampshire,NH,2020,3,2020-09-30,74.8
New Hampshire,NH,2020,4,2020-12-31,76.1
New Hampshire,NH,2021,1,2021-03-31,76.1
New Hampshire,NH,2021,2,2021-06-30,72.3
New Hampshire,NH,2021,3,2021-09-30,71.8
New Hampshire,NH,2021,4,2021-12-31,75.6
New Hampshire,NH,2022,1,2022-03-31,75.6
New Hampshire,NH,2022,2,2022-06-30,73.7
New Hampshire,NH,2022,3,2022-09-30,74.7
New Hampshire,NH,2022,4,2022-12-31,74.5
New Hampshire,NH,2023,1,2023-03-31,74.3
New Hampshire,NH,2023,2,2023-06-30,73.4
New Hampshire,NH,2023,3,2023-09-30,75.7
New Hampshire,NH,2023,4,2023-12-31,73.7
New Hampshire,NH,2024,1,2024-03-31,73.4
New Hampshire,NH,2024,2,2024-06-30,73.6
New Hampshire,NH,2024,3,2024-09-30,75.3
New Hampshire,NH,2024,4,2024-12-31,69.4
New Hampshire,NH,2025,1,2025-03-31,73.7
New Hampshire,NH,2025,2,2025-06-30,73.3
New Hampshire,NH,2025,3,2025-09-30,72.8
New Hampshire,NH,2025,4,2025-12-31,73.3
New Jersey,NJ,2010,1,2010-03-31,67.3
New Jersey,NJ,2010,2,2010-06-30,68.5
New Jersey,NJ,2010,3,2010-09-30,64.0
New Jersey,NJ,2010,4,2010-12-31,66.2
New Jersey,NJ,2011,1,2011-03-31,67.6
New Jersey,NJ,2011,2,2011-06-30,66.1
New Jersey,NJ,2011,3,2011-09-30,65.5
New Jersey,NJ,2011,4,2011-12-31,66.3
New Jersey,NJ,2012,1,2012-03-31,64.4
New Jersey,NJ,2012,2,2012-06-30,66.2
New Jersey,NJ,2012,3,2012-09-30,67.7
New Jersey,NJ,2012,4,2012-12-31,67.9
New Jersey,NJ,2013,1,2013-03-31,65.6
New Jersey,NJ,2013,2,2013-06-30,64.1
New Jersey,NJ,2013,3,2013-09-30,65.2
New Jersey,NJ,2013,4,2013-12-31,64.9
New Jersey,NJ,2014,1,2014-03-31,65.2
New Jersey,NJ,2014,2,2014-06-30,65.0
New Jersey,NJ,2014,3,2014-09-30,66.4
New Jersey,NJ,2014,4,2014-12-31,64.0
New Jersey,NJ,2015,1,2015-03-31,62.3
New Jersey,NJ,2015,2,2015-06-30,63.0
New Jersey,NJ,2015,3,2015-09-30,65.8
New Jersey,NJ,2015,4,2015-12-31,64.7
New Jersey,NJ,2016,1,2016-03-31,60.9
New Jersey,NJ,2016,2,2016-06-30,60.3
New Jersey,NJ,2016,3,2016-09-30,64.2
New Jersey,NJ,2016,4,2016-12-31,63.4
New Jersey,NJ,2017,1,2017-03-31,62.2
New Jersey,NJ,2017,2,2017-06-30,63.8
New Jersey,NJ,2017,3,2017-09-30,65.4
New Jersey,NJ,2017,4,2017-12-31,65.0
New Jersey,NJ,2018,1,2018-03-31,64.3
New Jersey,NJ,2018,2,2018-06-30,66.0
New Jersey,NJ,2018,3,2018-09-30,66.1
New Jersey,NJ,2018,4,2018-12-31,63.7
New Jersey,NJ,2019,1,2019-03-31,63.1
New Jersey,NJ,2019,2,2019-06-30,65.9
New Jersey,NJ,2019,3,2019-09-30,66.4
New Jersey,NJ,2019,4,2019-12-31,64.7
New Jersey,NJ,2020,1,2020-03-31,66.6
New Jersey,NJ,2020,2,2020-06-30,64.3
New Jersey,NJ,2020,3,2020-09-30,62.0
New Jersey,NJ,2020,4,2020-12-31,64.3
New Jersey,NJ,2021,1,2021-03-31,65.2
New Jersey,NJ,2021,2,2021-06-30,61.1
New Jersey,NJ,2021,3,2021-09-30,61.9
New Jersey,NJ,2021,4,2021-12-31,62.8
New Jersey,NJ,2022,1,2022-03-31,62.2
New Jersey,NJ,2022,2,2022-06-30,63.3
New Jersey,NJ,2022,3,2022-09-30,66.9
New Jersey,NJ,2022,4,2022-12-31,64.5
New Jersey,NJ,2023,1,2023-03-31,61.8
New Jersey,NJ,2023,2,2023-06-30,63.0
New Jersey,NJ,2023,3,2023-09-30,65.5
New Jersey,NJ,2023,4,2023-12-31,60.5
New Jersey,NJ,2024,1,2024-03-31,59.9
New Jersey,NJ,2024,2,2024-06-30,66.0
New Jersey,NJ,2024,3,2024-09-30,63.6
New Jersey,NJ,2024,4,2024-12-31,62.3
New Jersey,NJ,2025,1,2025-03-31,62.9
New Jersey,NJ,2025,2,2025-06-30,63.6
New Jersey,NJ,2025,3,2025-09-30,63.6
New Jersey,NJ,2025,4,2025-12-31,65.3
New Mexico,NM,2010,1,2010-03-31,69.5
New Mexico,NM,2010,2,2010-06-30,68.0
New Mexico,NM,2010,3,2010-09-30,67.5
New Mexico,NM,2010,4,2010-12-31,69.5
New Mexico,NM,2011,1,2011-03-31,72.8
New Mexico,NM,2011,2,2011-06-30,70.2
New Mexico,NM,2011,3,2011-09-30,66.3
New Mexico,NM,2011,4,2011-12-31,67.3
New Mexico,NM,2012,1,2012-03-31,68.0
New Mexico,NM,2012,2,2012-06-30,67.7
New Mexico,NM,2012,3,2012-09-30,65.4
New Mexico,NM,2012,4,2012-12-31,66.0
New Mexico,NM,2013,1,2013-03-31,68.6
New Mexico,NM,2013,2,2013-06-30,66.7
New Mexico,NM,2013,3,2013-09-30,67.1
New Mexico,NM,2013,4,2013-12-31,67.0
New Mexico,NM,2014,1,2014-03-31,66.6
New Mexico,NM,2014,2,2014-06-30,63.9
New Mexico,NM,2014,3,2014-09-30,65.2
New Mexico,NM,2014,4,2014-12-31,69.6
New Mexico,NM,2015,1,2015-03-31,64.6
New Mexico,NM,2015,2,2015-06-30,63.5
New Mexico,NM,2015,3,2015-09-30,67.2
New Mexico,NM,2015,4,2015-12-31,70.8
New Mexico,NM,2016,1,2016-03-31,68.8
New Mexico,NM,2016,2,2016-06-30,65.5
New Mexico,NM,2016,3,2016-09-30,67.6
New Mexico,NM,2016,4,2016-12-31,67.4
New Mexico,NM,2017,1,2017-03-31,65.0
New Mexico,NM,2017,2,2017-06-30,67.0
New Mexico,NM,2017,3,2017-09-30,66.4
New Mexico,NM,2017,4,2017-12-31,68.1
New Mexico,NM,2018,1,2018-03-31,68.8
New Mexico,NM,2018,2,2018-06-30,67.5
New Mexico,NM,2018,3,2018-09-30,66.5
New Mexico,NM,2018,4,2018-12-31,69.3
New Mexico,NM,2019,1,2019-03-31,69.2
New Mexico,NM,2019,2,2019-06-30,67.9
New Mexico,NM,2019,3,2019-09-30,66.3
New Mexico,NM,2019,4,2019-12-31,66.4
New Mexico,NM,2020,1,2020-03-31,70.1
New Mexico,NM,2020,2,2020-06-30,73.8
New Mexico,NM,2020,3,2020-09-30,69.3
New Mexico,NM,2020,4,2020-12-31,67.9
New Mexico,NM,2021,1,2021-03-31,70.8
New Mexico,NM,2021,2,2021-06-30,67.2
New Mexico,NM,2021,3,2021-09-30,68.5
New Mexico,NM,2021,4,2021-12-31,69.5
New Mexico,NM,2022,1,2022-03-31,69.3
New Mexico,NM,2022,2,2022-06-30,69.2
New Mexico,NM,2022,3,2022-09-30,73.0
New Mexico,NM,2022,4,2022-12-31,73.1
New Mexico,NM,2023,1,2023-03-31,68.8
New Mexico,NM,2023,2,2023-06-30,67.8
New Mexico,NM,2023,3,2023-09-30,71.8
New Mexico,NM,2023,4,2023-12-31,72.7
New Mexico,NM,2024,1,2024-03-31,70.0
New Mexico,NM,2024,2,2024-06-30,71.2
New Mexico,NM,2024,3,2024-09-30,69.1
New Mexico,NM,2024,4,2024-12-31,71.9
New Mexico,NM,2025,1,2025-03-31,72.9
New Mexico,NM,2025,2,2025-06-30,70.8
New Mexico,NM,2025,3,2025-09-30,70.2
New Mexico,NM,2025,4,2025-12-31,69.6
New York,NY,2010,1,2010-03-31,54.4
New York,NY,2010,2,2010-06-30,53.9
New York,NY,2010,3,2010-09-30,54.6
New York,NY,2010,4,2010-12-31,54.9
New York,NY,2011,1,2011-03-31,53.5
New York,NY,2011,2,2011-06-30,53.2
New York,NY,2011,3,2011-09-30,54.4
New York,NY,2011,4,2011-12-31,53.3
New York,NY,2012,1,2012-03-31,52.4
New York,NY,2012,2,2012-06-30,54.7
New York,NY,2012,3,2012-09-30,54.1
New York,NY,2012,4,2012-12-31,53.1
New York,NY,2013,1,2013-03-31,51.9
New York,NY,2013,2,2013-06-30,53.8
New York,NY,2013,3,2013-09-30,53.9
New York,NY,2013,4,2013-12-31,52.5
New York,NY,2014,1,2014-03-31,51.9
New York,NY,2014,2,2014-06-30,53.2
New York,NY,2014,3,2014-09-30,53.5
New York,NY,2014,4,2014-12-31,53.1
New York,NY,2015,1,2015-03-31,51.2
New York,NY,2015,2,2015-06-30,50.5
New York,NY,2015,3,2015-09-30,51.4
New York,NY,2015,4,2015-12-31,52.9
New York,NY,2016,1,2016-03-31,51.3
New York,NY,2016,2,2016-06-30,50.9
New York,NY,2016,3,2016-09-30,52.7
New York,NY,2016,4,2016-12-31,51.3
New York,NY,2017,1,2017-03-31,51.4
New York,NY,2017,2,2017-06-30,50.7
New York,NY,2017,3,2017-09-30,51.1
New York,NY,2017,4,2017-12-31,51.1
New York,NY,2018,1,2018-03-31,50.9
New York,NY,2018,2,2018-06-30,50.2
New York,NY,2018,3,2018-09-30,50.5
New York,NY,2018,4,2018-12-31,52.3
New York,NY,2019,1,2019-03-31,51.9
New York,NY,2019,2,2019-06-30,51.3
New York,NY,2019,3,2019-09-30,51.6
New York,NY,2019,4,2019-12-31,53.2
New York,NY,2020,1,2020-03-31,53.0
New York,NY,2020,2,2020-06-30,54.4
New York,NY,2020,3,2020-09-30,53.6
New York,NY,2020,4,2020-12-31,53.5
New York,NY,2021,1,2021-03-31,54.0
New York,NY,2021,2,2021-06-30,53.1
New York,NY,2021,3,2021-09-30,54.0
New York,NY,2021,4,2021-12-31,53.4
New York,NY,2022,1,2022-03-31,54.3
New York,NY,2022,2,2022-06-30,53.6
New York,NY,2022,3,2022-09-30,54.0
New York,NY,2022,4,2022-12-31,53.6
New York,NY,2023,1,2023-03-31,54.2
New York,NY,2023,2,2023-06-30,54.3
New York,NY,2023,3,2023-09-30,53.4
New York,NY,2023,4,2023-12-31,51.2
New York,NY,2024,1,2024-03-31,54.3
New York,NY,2024,2,2024-06-30,52.4
New York,NY,2024,3,2024-09-30,52.9
New York,NY,2024,4,2024-12-31,51.3
New York,NY,2025,1,2025-03-31,51.2
New York,NY,2025,2,2025-06-30,52.2
New York,NY,2025,3,2025-09-30,53.0
New York,NY,2025,4,2025-12-31,52.4
Ohio,OH,2010,1,2010-03-31,70.2
Ohio,OH,2010,2,2010-06-30,69.5
Ohio,OH,2010,3,2010-09-30,70.1
Ohio,OH,2010,4,2010-12-31,69.2
Ohio,OH,2011,1,2011-03-31,69.6
Ohio,OH,2011,2,2011-06-30,68.8
Ohio,OH,2011,3,2011-09-30,68.9
Ohio,OH,2011,4,2011-12-31,68.3
Ohio,OH,2012,1,2012-03-31,68.4
Ohio,OH,2012,2,2012-06-30,67.5
Ohio,OH,2012,3,2012-09-30,67.5
Ohio,OH,2012,4,2012-12-31,67.9
Ohio,OH,2013,1,2013-03-31,68.2
Ohio,OH,2013,2,2013-06-30,67.7
Ohio,OH,2013,3,2013-09-30,67.2
Ohio,OH,2013,4,2013-12-31,68.4
Ohio,OH,2014,1,2014-03-31,68.4
Ohio,OH,2014,2,2014-06-30,68.7
Ohio,OH,2014,3,2014-09-30,66.1
Ohio,OH,2014,4,2014-12-31,66.3
Ohio,OH,2015,1,2015-03-31,65.8
Ohio,OH,2015,2,2015-06-30,65.3
Ohio,OH,2015,3,2015-09-30,67.9
Ohio,OH,2015,4,2015-12-31,66.9
Ohio,OH,2016,1,2016-03-31,66.1
Ohio,OH,2016,2,2016-06-30,65.9
Ohio,OH,2016,3,2016-09-30,66.0
Ohio,OH,2016,4,2016-12-31,66.4
Ohio,OH,2017,1,2017-03-31,65.1
Ohio,OH,2017,2,2017-06-30,65.2
Ohio,OH,2017,3,2017-09-30,66.3
Ohio,OH,2017,4,2017-12-31,67.3
Ohio,OH,2018,1,2018-03-31,67.7
Ohio,OH,2018,2,2018-06-30,65.9
Ohio,OH,2018,3,2018-09-30,67.9
Ohio,OH,2018,4,2018-12-31,67.9
Ohio,OH,2019,1,2019-03-31,68.2
Ohio,OH,2019,2,2019-06-30,68.2
Ohio,OH,2019,3,2019-09-30,67.9
Ohio,OH,2019,4,2019-12-31,68.4
Ohio,OH,2020,1,2020-03-31,69.3
Ohio,OH,2020,2,2020-06-30,70.1
Ohio,OH,2020,3,2020-09-30,68.6
Ohio,OH,2020,4,2020-12-31,69.4
Ohio,OH,2021,1,2021-03-31,67.9
Ohio,OH,2021,2,2021-06-30,67.7
Ohio,OH,2021,3,2021-09-30,68.2
Ohio,OH,2021,4,2021-12-31,65.8
Ohio,OH,2022,1,2022-03-31,67.0
Ohio,OH,2022,2,2022-06-30,67.0
Ohio,OH,2022,3,2022-09-30,65.5
Ohio,OH,2022,4,2022-12-31,64.4
Ohio,OH,2023,1,2023-03-31,67.8
Ohio,OH,2023,2,2023-06-30,67.3
Ohio,OH,2023,3,2023-09-30,65.3
Ohio,OH,2023,4,2023-12-31,66.1
Ohio,OH,2024,1,2024-03-31,69.6
Ohio,OH,2024,2,2024-06-30,69.5
Ohio,OH,2024,3,2024-09-30,68.9
Ohio,OH,2024,4,2024-12-31,70.2
Ohio,OH,2025,1,2025-03-31,70.0
Ohio,OH,2025,2,2025-06-30,71.4
Ohio,OH,2025,3,2025-09-30,68.3
Ohio,OH,2025,4,2025-12-31,72.1
Oregon,OR,2010,1,2010-03-31,65.8
Oregon,OR,2010,2,2010-06-30,65.5
Oregon,OR,2010,3,2010-09-30,66.7
Oregon,OR,2010,4,2010-12-31,67.0
Oregon,OR,2011,1,2011-03-31,67.1
Oregon,OR,2011,2,2011-06-30,66.4
Oregon,OR,2011,3,2011-09-30,66.4
Oregon,OR,2011,4,2011-12-31,65.8
Oregon,OR,2012,1,2012-03-31,66.3
Oregon,OR,2012,2,2012-06-30,66.9
Oregon,OR,2012,3,2012-09-30,68.0
Oregon,OR,2012,4,2012-12-31,63.2
Oregon,OR,2013,1,2013-03-31,62.3
Oregon,OR,2013,2,2013-06-30,66.0
Oregon,OR,2013,3,2013-09-30,65.6
Oregon,OR,2013,4,2013-12-31,63.0
Oregon,OR,2014,1,2014-03-31,63.7
Oregon,OR,2014,2,2014-06-30,60.8
Oregon,OR,2014,3,2014-09-30,63.7
Oregon,OR,2014,4,2014-12-31,63.2
Oregon,OR,2015,1,2015-03-31,59.7
Oregon,OR,2015,2,2015-06-30,58.9
Oregon,OR,2015,3,2015-09-30,63.3
Oregon,OR,2015,4,2015-12-31,62.6
Oregon,OR,2016,1,2016-03-31,63.1
Oregon,OR,2016,2,2016-06-30,60.9
Oregon,OR,2016,3,2016-09-30,64.1
Oregon,OR,2016,4,2016-12-31,62.2
Oregon,OR,2017,1,2017-03-31,61.4
Oregon,OR,2017,2,2017-06-30,60.4
Oregon,OR,2017,3,2017-09-30,62.1
Oregon,OR,2017,4,2017-12-31,63.1
Oregon,OR,2018,1,2018-03-31,60.4
Oregon,OR,2018,2,2018-06-30,62.9
Oregon,OR,2018,3,2018-09-30,63.4
Oregon,OR,2018,4,2018-12-31,61.3
Oregon,OR,2019,1,2019-03-31,63.6
Oregon,OR,2019,2,2019-06-30,63.4
Oregon,OR,2019,3,2019-09-30,63.0
Oregon,OR,2019,4,2019-12-31,59.5
Oregon,OR,2020,1,2020-03-31,64.1
Oregon,OR,2020,2,2020-06-30,65.7
Oregon,OR,2020,3,2020-09-30,67.3
Oregon,OR,2020,4,2020-12-31,63.6
Oregon,OR,2021,1,2021-03-31,63.7
Oregon,OR,2021,2,2021-06-30,66.8
Oregon,OR,2021,3,2021-09-30,67.6
Oregon,OR,2021,4,2021-12-31,64.9
Oregon,OR,2022,1,2022-03-31,64.3
Oregon,OR,2022,2,2022-06-30,67.3
Oregon,OR,2022,3,2022-09-30,64.3
Oregon,OR,2022,4,2022-12-31,63.6
Oregon,OR,2023,1,2023-03-31,65.2
Oregon,OR,2023,2,2023-06-30,63.7
Oregon,OR,2023,3,2023-09-30,64.2
Oregon,OR,2023,4,2023-12-31,63.2
Oregon,OR,2024,1,2024-03-31,63.3
Oregon,OR,2024,2,2024-06-30,60.7
Oregon,OR,2024,3,2024-09-30,61.9
Oregon,OR,2024,4,2024-12-31,66.2
Oregon,OR,2025,1,2025-03-31,63.0
Oregon,OR,2025,2,2025-06-30,62.0
Oregon,OR,2025,3,2025-09-30,64.0
Oregon,OR,2025,4,2025-12-31,68.6
Pennsylvania,PA,2010,1,2010-03-31,72.9
Pennsylvania,PA,2010,2,2010-06-30,72.2
Pennsylvania,PA,2010,3,2010-09-30,71.8
Pennsylvania,PA,2010,4,2010-12-31,71.7
Pennsylvania,PA,2011,1,2011-03-31,71.7
Pennsylvania,PA,2011,2,2011-06-30,69.5
Pennsylvania,PA,2011,3,2011-09-30,71.4
Pennsylvania,PA,2011,4,2011-12-31,72.0
Pennsylvania,PA,2012,1,2012-03-31,70.3
Pennsylvania,PA,2012,2,2012-06-30,69.5
Pennsylvania,PA,2012,3,2012-09-30,71.7
Pennsylvania,PA,2012,4,2012-12-31,72.5
Pennsylvania,PA,2013,1,2013-03-31,70.6
Pennsylvania,PA,2013,2,2013-06-30,70.5
Pennsylvania,PA,2013,3,2013-09-30,72.0
Pennsylvania,PA,2013,4,2013-12-31,72.9
Pennsylvania,PA,2014,1,2014-03-31,72.0
Pennsylvania,PA,2014,2,2014-06-30,68.9
Pennsylvania,PA,2014,3,2014-09-30,68.4
Pennsylvania,PA,2014,4,2014-12-31,69.4
Pennsylvania,PA,2015,1,2015-03-31,70.9
Pennsylvania,PA,2015,2,2015-06-30,69.0
Pennsylvania,PA,2015,3,2015-09-30,69.1
Pennsylvania,PA,2015,4,2015-12-31,69.3
Pennsylvania,PA,2016,1,2016-03-31,69.1
Pennsylvania,PA,2016,2,2016-06-30,69.1
Pennsylvania,PA,2016,3,2016-09-30,68.0
Pennsylvania,PA,2016,4,2016-12-31,67.7
Pennsylvania,PA,2017,1,2017-03-31,68.8
Pennsylvania,PA,2017,2,2017-06-30,70.1
Pennsylvania,PA,2017,3,2017-09-30,67.3
Pennsylvania,PA,2017,4,2017-12-31,68.3
Pennsylvania,PA,2018,1,2018-03-31,68.7
Pennsylvania,PA,2018,2,2018-06-30,70.8
Pennsylvania,PA,2018,3,2018-09-30,70.2
Pennsylvania,PA,2018,4,2018-12-31,69.8
Pennsylvania,PA,2019,1,2019-03-31,68.3
Pennsylvania,PA,2019,2,2019-06-30,68.6
Pennsylvania,PA,2019,3,2019-09-30,69.5
Pennsylvania,PA,2019,4,2019-12-31,70.5
Pennsylvania,PA,2020,1,2020-03-31,69.4
Pennsylvania,PA,2020,2,2020-06-30,70.9
Pennsylvania,PA,2020,3,2020-09-30,68.8
Pennsylvania,PA,2020,4,2020-12-31,70.5
Pennsylvania,PA,2021,1,2021-03-31,71.3
Pennsylvania,PA,2021,2,2021-06-30,70.5
Pennsylvania,PA,2021,3,2021-09-30,68.9
Pennsylvania,PA,2021,4,2021-12-31,70.3
Pennsylvania,PA,2022,1,2022-03-31,69.3
Pennsylvania,PA,2022,2,2022-06-30,70.7
Pennsylvania,PA,2022,3,2022-09-30,71.5
Pennsylvania,PA,2022,4,2022-12-31,71.4
Pennsylvania,PA,2023,1,2023-03-31,70.5
Pennsylvania,PA,2023,2,2023-06-30,69.6
Pennsylvania,PA,2023,3,2023-09-30,72.8
Pennsylvania,PA,2023,4,2023-12-31,71.3
Pennsylvania,PA,2024,1,2024-03-31,71.2
Pennsylvania,PA,2024,2,2024-06-30,68.0
Pennsylvania,PA,2024,3,2024-09-30,70.3
Pennsylvania,PA,2024,4,2024-12-31,73.7
Pennsylvania,PA,2025,1,2025-03-31,69.7
Pennsylvania,PA,2025,2,2025-06-30,67.3
Pennsylvania,PA,2025,3,2025-09-30,70.6
Pennsylvania,PA,2025,4,2025-12-31,74.3
Rhode Island,RI,2010,1,2010-03-31,63.5
Rhode Island,RI,2010,2,2010-06-30,63.7
Rhode Island,RI,2010,3,2010-09-30,62.9
Rhode Island,RI,2010,4,2010-12-31,61.1
Rhode Island,RI,2011,1,2011-03-31,62.5
Rhode Island,RI,2011,2,2011-06-30,64.6
Rhode Island,RI,2011,3,2011-09-30,64.7
Rhode Island,RI,2011,4,2011-12-31,61.8
Rhode Island,RI,2012,1,2012-03-31,61.4
Rhode Island,RI,2012,2,2012-06-30,61.9
Rhode Island,RI,2012,3,2012-09-30,63.1
Rhode Island,RI,2012,4,2012-12-31,61.9
Rhode Island,RI,2013,1,2013-03-31,62.7
Rhode Island,RI,2013,2,2013-06-30,60.3
Rhode Island,RI,2013,3,2013-09-30,61.4
Rhode Island,RI,2013,4,2013-12-31,61.7
Rhode Island,RI,2014,1,2014-03-31,63.1
Rhode Island,RI,2014,2,2014-06-30,60.2
Rhode Island,RI,2014,3,2014-09-30,61.4
Rhode Island,RI,2014,4,2014-12-31,62.8
Rhode Island,RI,2015,1,2015-03-31,61.3
Rhode Island,RI,2015,2,2015-06-30,57.0
Rhode Island,RI,2015,3,2015-09-30,59.3
Rhode Island,RI,2015,4,2015-12-31,58.1
Rhode Island,RI,2016,1,2016-03-31,57.2
Rhode Island,RI,2016,2,2016-06-30,55.6
Rhode Island,RI,2016,3,2016-09-30,57.2
Rhode Island,RI,2016,4,2016-12-31,55.2
Rhode Island,RI,2017,1,2017-03-31,57.9
Rhode Island,RI,2017,2,2017-06-30,54.4
Rhode Island,RI,2017,3,2017-09-30,56.4
Rhode Island,RI,2017,4,2017-12-31,57.9
Rhode Island,RI,2018,1,2018-03-31,59.4
Rhode Island,RI,2018,2,2018-06-30,60.1
Rhode Island,RI,2018,3,2018-09-30,63.1
Rhode Island,RI,2018,4,2018-12-31,60.3
Rhode Island,RI,2019,1,2019-03-31,59.9
Rhode Island,RI,2019,2,2019-06-30,65.6
Rhode Island,RI,2019,3,2019-09-30,64.7
Rhode Island,RI,2019,4,2019-12-31,65.1
Rhode Island,RI,2020,1,2020-03-31,62.7
Rhode Island,RI,2020,2,2020-06-30,64.3
Rhode Island,RI,2020,3,2020-09-30,64.1
Rhode Island,RI,2020,4,2020-12-31,67.0
Rhode Island,RI,2021,1,2021-03-31,62.9
Rhode Island,RI,2021,2,2021-06-30,59.5
Rhode Island,RI,2021,3,2021-09-30,62.4
Rhode Island,RI,2021,4,2021-12-31,66.8
Rhode Island,RI,2022,1,2022-03-31,68.1
Rhode Island,RI,2022,2,2022-06-30,64.0
Rhode Island,RI,2022,3,2022-09-30,65.0
Rhode Island,RI,2022,4,2022-12-31,66.4
Rhode Island,RI,2023,1,2023-03-31,64.8
Rhode Island,RI,2023,2,2023-06-30,65.1
Rhode Island,RI,2023,3,2023-09-30,64.7
Rhode Island,RI,2023,4,2023-12-31,63.2
Rhode Island,RI,2024,1,2024-03-31,61.4
Rhode Island,RI,2024,2,2024-06-30,59.0
Rhode Island,RI,2024,3,2024-09-30,63.0
Rhode Island,RI,2024,4,2024-12-31,65.5
Rhode Island,RI,2025,1,2025-03-31,58.9
Rhode Island,RI,2025,2,2025-06-30,63.3
Rhode Island,RI,2025,3,2025-09-30,71.7
Rhode Island,RI,2025,4,2025-12-31,67.4
Texas,TX,2010,1,2010-03-31,66.0
Texas,TX,2010,2,2010-06-30,66.3
Texas,TX,2010,3,2010-09-30,64.7
Texas,TX,2010,4,2010-12-31,64.4
Texas,TX,2011,1,2011-03-31,63.7
Texas,TX,2011,2,2011-06-30,64.6
Texas,TX,2011,3,2011-09-30,64.1
Texas,TX,2011,4,2011-12-31,64.9
Texas,TX,2012,1,2012-03-31,65.6
Texas,TX,2012,2,2012-06-30,64.7
Texas,TX,2012,3,2012-09-30,63.6
Texas,TX,2012,4,2012-12-31,63.3
Texas,TX,2013,1,2013-03-31,63.1
Texas,TX,2013,2,2013-06-30,63.2
Texas,TX,2013,3,2013-09-30,63.5
Texas,TX,2013,4,2013-12-31,63.2
Texas,TX,2014,1,2014-03-31,62.4
Texas,TX,2014,2,2014-06-30,61.5
Texas,TX,2014,3,2014-09-30,62.9
Texas,TX,2014,4,2014-12-31,62.1
Texas,TX,2015,1,2015-03-31,60.9
Texas,TX,2015,2,2015-06-30,61.6
Texas,TX,2015,3,2015-09-30,62.4
Texas,TX,2015,4,2015-12-31,62.6
Texas,TX,2016,1,2016-03-31,61.3
Texas,TX,2016,2,2016-06-30,61.3
Texas,TX,2016,3,2016-09-30,61.0
Texas,TX,2016,4,2016-12-31,62.2
Texas,TX,2017,1,2017-03-31,61.0
Texas,TX,2017,2,2017-06-30,61.5
Texas,TX,2017,3,2017-09-30,61.7
Texas,TX,2017,4,2017-12-31,62.8
Texas,TX,2018,1,2018-03-31,62.1
Texas,TX,2018,2,2018-06-30,62.9
Texas,TX,2018,3,2018-09-30,62.7
Texas,TX,2018,4,2018-12-31,63.3
Texas,TX,2019,1,2019-03-31,61.3
Texas,TX,2019,2,2019-06-30,62.0
Texas,TX,2019,3,2019-09-30,63.0
Texas,TX,2019,4,2019-12-31,63.4
Texas,TX,2020,1,2020-03-31,63.8
Texas,TX,2020,2,2020-06-30,67.6
Texas,TX,2020,3,2020-09-30,70.0
Texas,TX,2020,4,2020-12-31,64.6
Texas,TX,2021,1,2021-03-31,64.8
Texas,TX,2021,2,2021-06-30,63.9
Texas,TX,2021,3,2021-09-30,64.1
Texas,TX,2021,4,2021-12-31,63.9
Texas,TX,2022,1,2022-03-31,62.8
Texas,TX,2022,2,2022-06-30,63.4
Texas,TX,2022,3,2022-09-30,64.3
Texas,TX,2022,4,2022-12-31,63.8
Texas,TX,2023,1,2023-03-31,64.2
Texas,TX,2023,2,2023-06-30,63.3
Texas,TX,2023,3,2023-09-30,63.8
Texas,TX,2023,4,2023-12-31,63.2
Texas,TX,2024,1,2024-03-31,62.5
Texas,TX,2024,2,2024-06-30,61.9
Texas,TX,2024,3,2024-09-30,64.1
Texas,TX,2024,4,2024-12-31,63.2
Texas,TX,2025,1,2025-03-31,63.3
Texas,TX,2025,2,2025-06-30,63.4
Texas,TX,2025,3,2025-09-30,64.3
Texas,TX,2025,4,2025-12-31,63.2
Utah,UT,2010,1,2010-03-31,73.9
Utah,UT,2010,2,2010-06-30,71.6
Utah,UT,2010,3,2010-09-30,72.9
Utah,UT,2010,4,2010-12-31,71.5
Utah,UT,2011,1,2011-03-31,71.7
Utah,UT,2011,2,2011-06-30,71.2
Utah,UT,2011,3,2011-09-30,72.7
Utah,UT,2011,4,2011-12-31,70.0
Utah,UT,2012,1,2012-03-31,70.7
Utah,UT,2012,2,2012-06-30,71.4
Utah,UT,2012,3,2012-09-30,71.4
Utah,UT,2012,4,2012-12-31,71.0
Utah,UT,2013,1,2013-03-31,70.8
Utah,UT,2013,2,2013-06-30,70.1
Utah,UT,2013,3,2013-09-30,71.9
Utah,UT,2013,4,2013-12-31,70.7
Utah,UT,2014,1,2014-03-31,71.4
Utah,UT,2014,2,2014-06-30,70.4
Utah,UT,2014,3,2014-09-30,71.1
Utah,UT,2014,4,2014-12-31,70.6
Utah,UT,2015,1,2015-03-31,70.7
Utah,UT,2015,2,2015-06-30,67.7
Utah,UT,2015,3,2015-09-30,66.9
Utah,UT,2015,4,2015-12-31,74.3
Utah,UT,2016,1,2016-03-31,73.9
Utah,UT,2016,2,2016-06-30,68.1
Utah,UT,2016,3,2016-09-30,70.4
Utah,UT,2016,4,2016-12-31,72.8
Utah,UT,2017,1,2017-03-31,71.2
Utah,UT,2017,2,2017-06-30,70.7
Utah,UT,2017,3,2017-09-30,70.5
Utah,UT,2017,4,2017-12-31,71.6
Utah,UT,2018,1,2018-03-31,71.6
Utah,UT,2018,2,2018-06-30,72.5
Utah,UT,2018,3,2018-09-30,69.7
Utah,UT,2018,4,2018-12-31,74.7
Utah,UT,2019,1,2019-03-31,72.7
Utah,UT,2019,2,2019-06-30,70.9
Utah,UT,2019,3,2019-09-30,71.4
Utah,UT,2019,4,2019-12-31,72.3
Utah,UT,2020,1,2020-03-31,72.5
Utah,UT,2020,2,2020-06-30,74.4
Utah,UT,2020,3,2020-09-30,70.8
Utah,UT,2020,4,2020-12-31,69.2
Utah,UT,2021,1,2021-03-31,72.2
Utah,UT,2021,2,2021-06-30,69.4
Utah,UT,2021,3,2021-09-30,64.4
Utah,UT,2021,4,2021-12-31,69.1
Utah,UT,2022,1,2022-03-31,70.3
Utah,UT,2022,2,2022-06-30,70.6
Utah,UT,2022,3,2022-09-30,71.5
Utah,UT,2022,4,2022-12-31,72.3
Utah,UT,2023,1,2023-03-31,72.2
Utah,UT,2023,2,2023-06-30,71.4
Utah,UT,2023,3,2023-09-30,68.5
Utah,UT,2023,4,2023-12-31,69.1
Utah,UT,2024,1,2024-03-31,69.6
Utah,UT,2024,2,2024-06-30,70.2
Utah,UT,2024,3,2024-09-30,65.8
Utah,UT,2024,4,2024-12-31,67.6
Utah,UT,2025,1,2025-03-31,68.1
Utah,UT,2025,2,2025-06-30,69.4
Utah,UT,2025,3,2025-09-30,67.4
Utah,UT,2025,4,2025-12-31,68.5
Virginia,VA,2010,1,2010-03-31,68.1
Virginia,VA,2010,2,2010-06-30,68.6
Virginia,VA,2010,3,2010-09-30,69.1
Virginia,VA,2010,4,2010-12-31,69.1
Virginia,VA,2011,1,2011-03-31,67.5
Virginia,VA,2011,2,2011-06-30,67.9
Virginia,VA,2011,3,2011-09-30,68.8
Virginia,VA,2011,4,2011-12-31,67.2
Virginia,VA,2012,1,2012-03-31,66.6
Virginia,VA,2012,2,2012-06-30,67.1
Virginia,VA,2012,3,2012-09-30,69.1
Virginia,VA,2012,4,2012-12-31,68.5
Virginia,VA,2013,1,2013-03-31,66.3
Virginia,VA,2013,2,2013-06-30,67.5
Virginia,VA,2013,3,2013-09-30,68.7
Virginia,VA,2013,4,2013-12-31,70.0
Virginia,VA,2014,1,2014-03-31,70.5
Virginia,VA,2014,2,2014-06-30,67.6
Virginia,VA,2014,3,2014-09-30,68.6
Virginia,VA,2014,4,2014-12-31,68.2
Virginia,VA,2015,1,2015-03-31,66.0
Virginia,VA,2015,2,2015-06-30,66.8
Virginia,VA,2015,3,2015-09-30,68.5
Virginia,VA,2015,4,2015-12-31,67.0
Virginia,VA,2016,1,2016-03-31,64.6
Virginia,VA,2016,2,2016-06-30,66.0
Virginia,VA,2016,3,2016-09-30,68.3
Virginia,VA,2016,4,2016-12-31,66.4
Virginia,VA,2017,1,2017-03-31,65.4
Virginia,VA,2017,2,2017-06-30,67.5
Virginia,VA,2017,3,2017-09-30,68.4
Virginia,VA,2017,4,2017-12-31,68.5
Virginia,VA,2018,1,2018-03-31,65.3
Virginia,VA,2018,2,2018-06-30,66.5
Virginia,VA,2018,3,2018-09-30,65.8
Virginia,VA,2018,4,2018-12-31,66.4
Virginia,VA,2019,1,2019-03-31,67.1
Virginia,VA,2019,2,2019-06-30,67.0
Virginia,VA,2019,3,2019-09-30,67.9
Virginia,VA,2019,4,2019-12-31,68.2
Virginia,VA,2020,1,2020-03-31,67.3
Virginia,VA,2020,2,2020-06-30,72.9
Virginia,VA,2020,3,2020-09-30,72.5
Virginia,VA,2020,4,2020-12-31,69.0
Virginia,VA,2021,1,2021-03-31,66.5
Virginia,VA,2021,2,2021-06-30,70.4
Virginia,VA,2021,3,2021-09-30,68.2
Virginia,VA,2021,4,2021-12-31,66.9
Virginia,VA,2022,1,2022-03-31,67.3
Virginia,VA,2022,2,2022-06-30,69.4
Virginia,VA,2022,3,2022-09-30,66.1
Virginia,VA,2022,4,2022-12-31,66.8
Virginia,VA,2023,1,2023-03-31,67.8
Virginia,VA,2023,2,2023-06-30,69.9
Virginia,VA,2023,3,2023-09-30,70.2
Virginia,VA,2023,4,2023-12-31,68.3
Virginia,VA,2024,1,2024-03-31,70.5
Virginia,VA,2024,2,2024-06-30,73.0
Virginia,VA,2024,3,2024-09-30,72.0
Virginia,VA,2024,4,2024-12-31,66.5
Virginia,VA,2025,1,2025-03-31,65.4
Virginia,VA,2025,2,2025-06-30,70.6
Virginia,VA,2025,3,2025-09-30,73.3
Virginia,VA,2025,4,2025-12-31,68.8
Vermont,VT,2010,1,2010-03-31,75.3
Vermont,VT,2010,2,2010-06-30,73.1
Vermont,VT,2010,3,2010-09-30,73.2
Vermont,VT,2010,4,2010-12-31,72.9
Vermont,VT,2011,1,2011-03-31,74.1
Vermont,VT,2011,2,2011-06-30,75.9
Vermont,VT,2011,3,2011-09-30,75.0
Vermont,VT,2011,4,2011-12-31,73.4
Vermont,VT,2012,1,2012-03-31,74.4
Vermont,VT,2012,2,2012-06-30,73.9
Vermont,VT,2012,3,2012-09-30,72.6
Vermont,VT,2012,4,2012-12-31,72.5
Vermont,VT,2013,1,2013-03-31,73.3
Vermont,VT,2013,2,2013-06-30,71.0
Vermont,VT,2013,3,2013-09-30,73.0
Vermont,VT,2013,4,2013-12-31,74.6
Vermont,VT,2014,1,2014-03-31,72.5
Vermont,VT,2014,2,2014-06-30,73.4
Vermont,VT,2014,3,2014-09-30,74.9
Vermont,VT,2014,4,2014-12-31,73.2
Vermont,VT,2015,1,2015-03-31,71.2
Vermont,VT,2015,2,2015-06-30,72.2
Vermont,VT,2015,3,2015-09-30,72.8
Vermont,VT,2015,4,2015-12-31,71.3
Vermont,VT,2016,1,2016-03-31,68.5
Vermont,VT,2016,2,2016-06-30,70.6
Vermont,VT,2016,3,2016-09-30,73.3
Vermont,VT,2016,4,2016-12-31,73.0
Vermont,VT,2017,1,2017-03-31,68.5
Vermont,VT,2017,2,2017-06-30,70.7
Vermont,VT,2017,3,2017-09-30,71.8
Vermont,VT,2017,4,2017-12-31,73.6
Vermont,VT,2018,1,2018-03-31,71.6
Vermont,VT,2018,2,2018-06-30,73.1
Vermont,VT,2018,3,2018-09-30,70.8
Vermont,VT,2018,4,2018-12-31,70.2
Vermont,VT,2019,1,2019-03-31,72.5
Vermont,VT,2019,2,2019-06-30,72.8
Vermont,VT,2019,3,2019-09-30,69.8
Vermont,VT,2019,4,2019-12-31,68.7
Vermont,VT,2020,1,2020-03-31,74.5
Vermont,VT,2020,2,2020-06-30,76.8
Vermont,VT,2020,3,2020-09-30,68.2
Vermont,VT,2020,4,2020-12-31,73.0
Vermont,VT,2021,1,2021-03-31,73.1
Vermont,VT,2021,2,2021-06-30,74.7
Vermont,VT,2021,3,2021-09-30,73.7
Vermont,VT,2021,4,2021-12-31,74.1
Vermont,VT,2022,1,2022-03-31,70.4
Vermont,VT,2022,2,2022-06-30,73.3
Vermont,VT,2022,3,2022-09-30,73.4
Vermont,VT,2022,4,2022-12-31,73.8
Vermont,VT,2023,1,2023-03-31,72.7
Vermont,VT,2023,2,2023-06-30,75.3
Vermont,VT,2023,3,2023-09-30,72.1
Vermont,VT,2023,4,2023-12-31,74.9
Vermont,VT,2024,1,2024-03-31,74.9
Vermont,VT,2024,2,2024-06-30,73.1
Vermont,VT,2024,3,2024-09-30,75.1
Vermont,VT,2024,4,2024-12-31,73.8
Vermont,VT,2025,1,2025-03-31,72.8
Vermont,VT,2025,2,2025-06-30,75.3
Vermont,VT,2025,3,2025-09-30,77.1
Vermont,VT,2025,4,2025-12-31,76.3
Washington,WA,2010,1,2010-03-31,64.9
Washington,WA,2010,2,2010-06-30,64.3
Washington,WA,2010,3,2010-09-30,63.9
Washington,WA,2010,4,2010-12-31,64.7
Washington,WA,2011,1,2011-03-31,65.9
Washington,WA,2011,2,2011-06-30,63.0
Washington,WA,2011,3,2011-09-30,62.9
Washington,WA,2011,4,2011-12-31,65.0
Washington,WA,2012,1,2012-03-31,63.5
Washington,WA,2012,2,2012-06-30,62.6
Washington,WA,2012,3,2012-09-30,63.0
Washington,WA,2012,4,2012-12-31,64.9
Washington,WA,2013,1,2013-03-31,63.0
Washington,WA,2013,2,2013-06-30,63.1
Washington,WA,2013,3,2013-09-30,62.5
Washington,WA,2013,4,2013-12-31,62.3
Washington,WA,2014,1,2014-03-31,63.5
Washington,WA,2014,2,2014-06-30,65.1
Washington,WA,2014,3,2014-09-30,63.8
Washington,WA,2014,4,2014-12-31,62.1
Washington,WA,2015,1,2015-03-31,63.2
Washington,WA,2015,2,2015-06-30,64.4
Washington,WA,2015,3,2015-09-30,62.4
Washington,WA,2015,4,2015-12-31,60.5
Washington,WA,2016,1,2016-03-31,62.1
Washington,WA,2016,2,2016-06-30,61.5
Washington,WA,2016,3,2016-09-30,61.5
Washington,WA,2016,4,2016-12-31,61.2
Washington,WA,2017,1,2017-03-31,62.3
Washington,WA,2017,2,2017-06-30,64.2
Washington,WA,2017,3,2017-09-30,64.2
Washington,WA,2017,4,2017-12-31,63.6
Washington,WA,2018,1,2018-03-31,65.4
Washington,WA,2018,2,2018-06-30,65.5
Washington,WA,2018,3,2018-09-30,64.9
Washington,WA,2018,4,2018-12-31,63.7
Washington,WA,2019,1,2019-03-31,64.3
Washington,WA,2019,2,2019-06-30,63.4
Washington,WA,2019,3,2019-09-30,62.5
Washington,WA,2019,4,2019-12-31,64.8
Washington,WA,2020,1,2020-03-31,65.1
Washington,WA,2020,2,2020-06-30,66.7
Washington,WA,2020,3,2020-09-30,62.0
Washington,WA,2020,4,2020-12-31,62.6
Washington,WA,2021,1,2021-03-31,62.4
Washington,WA,2021,2,2021-06-30,65.4
Washington,WA,2021,3,2021-09-30,62.5
Washington,WA,2021,4,2021-12-31,63.3
Washington,WA,2022,1,2022-03-31,63.6
Washington,WA,2022,2,2022-06-30,66.2
Washington,WA,2022,3,2022-09-30,68.4
Washington,WA,2022,4,2022-12-31,68.1
Washington,WA,2023,1,2023-03-31,67.0
Washington,WA,2023,2,2023-06-30,66.1
Washington,WA,2023,3,2023-09-30,65.5
Washington,WA,2023,4,2023-12-31,66.4
Washington,WA,2024,1,2024-03-31,63.8
Washington,WA,2024,2,2024-06-30,65.3
Washington,WA,2024,3,2024-09-30,64.7
Washington,WA,2024,4,2024-12-31,65.5
Washington,WA,2025,1,2025-03-31,61.8
Washington,WA,2025,2,2025-06-30,62.7
Washington,WA,2025,3,2025-09-30,65.8
Washington,WA,2025,4,2025-12-31,63.6
Wisconsin,WI,2010,1,2010-03-31,70.9
Wisconsin,WI,2010,2,2010-06-30,70.0
Wisconsin,WI,2010,3,2010-09-30,71.7
Wisconsin,WI,2010,4,2010-12-31,71.2
Wisconsin,WI,2011,1,2011-03-31,69.6
Wisconsin,WI,2011,2,2011-06-30,67.5
Wisconsin,WI,2011,3,2011-09-30,68.5
Wisconsin,WI,2011,4,2011-12-31,68.4
Wisconsin,WI,2012,1,2012-03-31,68.3
Wisconsin,WI,2012,2,2012-06-30,67.3
Wisconsin,WI,2012,3,2012-09-30,66.6
Wisconsin,WI,2012,4,2012-12-31,67.9
Wisconsin,WI,2013,1,2013-03-31,68.6
Wisconsin,WI,2013,2,2013-06-30,69.1
Wisconsin,WI,2013,3,2013-09-30,67.9
Wisconsin,WI,2013,4,2013-12-31,68.4
Wisconsin,WI,2014,1,2014-03-31,67.9
Wisconsin,WI,2014,2,2014-06-30,67.3
Wisconsin,WI,2014,3,2014-09-30,68.7
Wisconsin,WI,2014,4,2014-12-31,67.4
Wisconsin,WI,2015,1,2015-03-31,67.4
Wisconsin,WI,2015,2,2015-06-30,66.8
Wisconsin,WI,2015,3,2015-09-30,65.6
Wisconsin,WI,2015,4,2015-12-31,66.5
Wisconsin,WI,2016,1,2016-03-31,65.6
Wisconsin,WI,2016,2,2016-06-30,65.1
Wisconsin,WI,2016,3,2016-09-30,68.9
Wisconsin,WI,2016,4,2016-12-31,71.1
Wisconsin,WI,2017,1,2017-03-31,65.7
Wisconsin,WI,2017,2,2017-06-30,65.6
Wisconsin,WI,2017,3,2017-09-30,67.6
Wisconsin,WI,2017,4,2017-12-31,72.8
Wisconsin,WI,2018,1,2018-03-31,68.0
Wisconsin,WI,2018,2,2018-06-30,66.8
Wisconsin,WI,2018,3,2018-09-30,66.8
Wisconsin,WI,2018,4,2018-12-31,70.1
Wisconsin,WI,2019,1,2019-03-31,66.9
Wisconsin,WI,2019,2,2019-06-30,63.7
Wisconsin,WI,2019,3,2019-09-30,65.1
Wisconsin,WI,2019,4,2019-12-31,68.7
Wisconsin,WI,2020,1,2020-03-31,66.6
Wisconsin,WI,2020,2,2020-06-30,69.8
Wisconsin,WI,2020,3,2020-09-30,68.4
Wisconsin,WI,2020,4,2020-12-31,66.8
Wisconsin,WI,2021,1,2021-03-31,70.1
Wisconsin,WI,2021,2,2021-06-30,69.9
Wisconsin,WI,2021,3,2021-09-30,67.5
Wisconsin,WI,2021,4,2021-12-31,65.7
Wisconsin,WI,2022,1,2022-03-31,70.3
Wisconsin,WI,2022,2,2022-06-30,69.3
Wisconsin,WI,2022,3,2022-09-30,71.6
Wisconsin,WI,2022,4,2022-12-31,68.9
Wisconsin,WI,2023,1,2023-03-31,71.7
Wisconsin,WI,2023,2,2023-06-30,68.7
Wisconsin,WI,2023,3,2023-09-30,69.1
Wisconsin,WI,2023,4,2023-12-31,67.2
Wisconsin,WI,2024,1,2024-03-31,67.4
Wisconsin,WI,2024,2,2024-06-30,68.5
Wisconsin,WI,2024,3,2024-09-30,67.3
Wisconsin,WI,2024,4,2024-12-31,68.8
Wisconsin,WI,2025,1,2025-03-31,67.9
Wisconsin,WI,2025,2,2025-06-30,66.0
Wisconsin,WI,2025,3,2025-09-30,67.0
Wisconsin,WI,2025,4,2025-12-31,71.2
